,Age,SibSp,Parch,Fare,Family,Pclass_1,Pclass_2,Pclass_3,Name_Master,Name_Miss,Name_Mr,Name_Mrs,Name_Others,Sex_female,Sex_male,Embarked_C,Embarked_Q,Embarked_S,Family Size_Large,Family Size_Single,Family Size_Small,Survived
0,-0.5657364610748746,1,0,-0.5024451714361923,2,0,0,1,0,0,1,0,0,0,1,0,0,1,0,0,1,0
1,0.6638610320657843,1,0,0.7868452935884461,2,1,0,0,0,0,0,1,0,1,0,1,0,0,0,0,1,1
2,-0.2583370877897099,0,0,-0.4888542575852486,1,0,0,1,0,1,0,0,0,1,0,0,0,1,0,1,0,1
3,0.4333115021019107,1,0,0.4207302360686478,2,1,0,0,0,0,0,1,0,1,0,0,0,1,0,0,1,1
4,0.4333115021019107,0,0,-0.4863374216869257,1,0,0,1,0,0,1,0,0,0,1,0,0,1,0,1,0,0
5,-0.10463740114712752,0,0,-0.47811642890864375,1,0,0,1,0,0,1,0,0,0,1,0,1,0,0,1,0,0
6,1.893458525206443,0,0,0.395813560675251,1,1,0,0,0,0,1,0,0,0,1,0,0,1,0,1,0,0
7,-2.1027333275006983,3,1,-0.22408312108167944,5,0,0,1,1,0,0,0,0,0,1,0,0,1,1,0,0,0
8,-0.1814872444684187,0,2,-0.4242561406845337,3,0,0,1,0,0,0,1,0,1,0,0,0,1,0,0,1,1
9,-1.180535207645204,1,0,-0.04295550208861426,2,0,1,0,0,0,0,1,0,1,0,1,0,0,0,0,1,1
10,-1.949033640858116,1,1,-0.312172377522981,3,0,0,1,0,1,0,0,0,1,0,0,0,1,0,0,1,1
11,2.200857898491608,0,0,-0.11384570873513637,1,1,0,0,0,1,0,0,0,1,0,0,0,1,0,1,0,1
12,-0.719436147717457,0,0,-0.4863374216869257,1,0,0,1,0,0,1,0,0,0,1,0,0,1,0,1,0,0
13,0.7407108753870755,1,5,-0.01870931177853076,7,0,0,1,0,0,1,0,0,0,1,0,0,1,1,0,0,0
14,-1.180535207645204,0,0,-0.4902797934380587,1,0,0,1,0,1,0,0,0,1,0,0,0,1,0,1,0,0
15,1.9703083685277343,0,0,-0.3262666585535892,1,0,1,0,0,0,0,1,0,1,0,0,0,1,0,1,0,1
16,-2.1027333275006983,4,1,-0.06199888922968463,6,0,0,1,1,0,0,0,0,0,1,0,1,0,1,0,0,0
17,-0.10463740114712752,0,0,-0.3866707201133388,1,0,1,0,0,0,1,0,0,0,1,0,0,1,0,1,0,1
18,0.12591212881674602,1,0,-0.2859972841804228,2,0,0,1,0,0,0,1,0,1,0,0,0,1,0,0,1,0
19,-0.10463740114712752,0,0,-0.5029485386158568,1,0,0,1,0,0,0,1,0,1,0,1,0,0,0,1,0,1
20,0.4333115021019107,0,0,-0.12491978668775715,1,0,1,0,0,0,1,0,0,0,1,0,0,1,0,1,0,0
21,0.35646165878061953,0,0,-0.3866707201133388,1,0,1,0,0,0,1,0,0,0,1,0,0,1,0,1,0,1
22,-1.1036853643239128,0,0,-0.4867562231804066,1,0,0,1,0,1,0,0,0,1,0,0,1,0,0,1,0,1
23,-0.10463740114712752,0,0,0.06635974158478332,1,1,0,0,0,0,1,0,0,0,1,0,0,1,0,1,0,1
24,-1.6416342675729512,3,1,-0.22408312108167944,5,0,0,1,0,1,0,0,0,1,0,0,0,1,1,0,0,0
25,0.6638610320657843,1,5,-0.016444159470040135,7,0,0,1,0,0,0,1,0,1,0,0,0,1,1,0,0,1
26,-0.10463740114712752,0,0,-0.5029485386158568,1,0,0,1,0,0,1,0,0,0,1,1,0,0,0,1,0,0
27,-0.7962859910387481,3,2,4.647001076532463,6,1,0,0,0,0,1,0,0,0,1,0,0,1,1,0,0,0
28,-0.10463740114712752,0,0,-0.48977642625839407,1,0,0,1,0,1,0,0,0,1,0,0,1,0,0,1,0,1
29,-0.10463740114712752,0,0,-0.4894421904510968,1,0,0,1,0,0,1,0,0,0,1,0,0,1,0,1,0,0
30,0.8175607187083667,0,0,-0.09027201697708476,1,1,0,0,0,0,0,0,1,0,1,1,0,0,0,1,0,0
31,-0.10463740114712752,1,0,2.301728820789,2,1,0,0,0,0,0,1,0,1,0,1,0,0,0,0,1,1
32,-0.10463740114712752,0,0,-0.49237782784290063,1,0,0,1,0,1,0,0,0,1,0,0,1,0,0,1,0,1
33,2.8156566450619374,0,0,-0.43700743807979686,1,0,1,0,0,0,1,0,0,0,1,0,0,1,0,1,0,0
34,-0.10463740114712752,1,0,1.0060617003323709,2,1,0,0,0,0,1,0,0,0,1,1,0,0,0,0,1,0
35,0.9712604053509489,1,0,0.39858208016340624,2,1,0,0,0,0,1,0,0,0,1,0,0,1,0,0,1,0
36,-0.10463740114712752,0,0,-0.5028639729296732,1,0,0,1,0,0,1,0,0,0,1,1,0,0,0,1,0,1
37,-0.6425863043961658,0,0,-0.4863374216869257,1,0,0,1,0,0,1,0,0,0,1,0,0,1,0,1,0,0
38,-0.8731358343600393,2,0,-0.2859972841804228,3,0,0,1,0,1,0,0,0,1,0,0,0,1,0,0,1,0
39,-1.180535207645204,1,0,-0.42207354059350805,2,0,0,1,0,1,0,0,0,1,0,1,0,0,0,0,1,1
40,0.8175607187083667,1,0,-0.4576454924460446,2,0,0,1,0,0,0,1,0,1,0,0,0,1,0,0,1,0
41,-0.1814872444684187,1,0,-0.22559322262067316,2,0,1,0,0,0,0,1,0,1,0,0,0,1,0,0,1,0
42,-0.10463740114712752,0,0,-0.4894421904510968,1,0,0,1,0,0,1,0,0,0,1,1,0,0,0,1,0,0
43,-2.025883484179407,1,2,0.18876253192945994,4,0,1,0,0,1,0,0,0,1,0,1,0,0,0,0,1,1
44,-0.7962859910387481,0,0,-0.48977642625839407,1,0,0,1,0,1,0,0,0,1,0,0,1,0,0,1,0,1
45,-0.10463740114712752,0,0,-0.4863374216869257,1,0,0,1,0,0,1,0,0,0,1,0,0,1,0,1,0,0
46,-0.10463740114712752,1,0,-0.3363340021468808,2,0,0,1,0,0,1,0,0,0,1,0,1,0,0,0,1,0
47,-0.10463740114712752,0,0,-0.49237782784290063,1,0,0,1,0,1,0,0,0,1,0,0,1,0,0,1,0,1
48,-0.10463740114712752,2,0,-0.21191774308354583,3,0,0,1,0,0,1,0,0,0,1,1,0,0,0,0,1,0
49,-0.8731358343600393,1,0,-0.29002422161773944,2,0,0,1,0,0,0,1,0,1,0,0,0,1,0,0,1,0
50,-1.7184841108942424,4,1,0.1506737441786005,6,0,0,1,1,0,0,0,0,0,1,0,0,1,1,0,0,0
51,-0.6425863043961658,0,0,-0.4913710934835715,1,0,0,1,0,0,1,0,0,0,1,0,0,1,0,1,0,0
52,1.5092093085999871,1,0,0.8964967865378598,2,1,0,0,0,0,0,1,0,1,0,1,0,0,0,0,1,1
53,-0.027787557825836348,1,0,-0.12491978668775715,2,0,1,0,0,0,0,1,0,1,0,0,0,1,0,0,1,1
54,2.738806801740646,0,1,0.5995101505357573,2,1,0,0,0,0,1,0,0,0,1,1,0,0,0,0,1,0
55,-0.10463740114712752,0,0,0.06635974158478332,1,1,0,0,0,0,1,0,0,0,1,0,0,1,0,1,0,1
56,-0.6425863043961658,0,0,-0.43700743807979686,1,0,1,0,0,1,0,0,0,1,0,0,0,1,0,1,0,1
57,-0.06621247948648194,0,0,-0.5028639729296732,1,0,0,1,0,0,1,0,0,0,1,1,0,0,0,1,0,0
58,-1.8721837975368247,1,2,-0.08968408411123653,4,0,1,0,0,1,0,0,0,1,0,0,0,1,0,0,1,1
59,-1.4110847376090776,5,2,0.2958951755118318,8,0,0,1,1,0,0,0,0,0,1,0,0,1,1,0,0,0
60,-0.5657364610748746,0,0,-0.5028639729296732,1,0,0,1,0,0,1,0,0,0,1,1,0,0,0,1,0,0
61,0.6638610320657843,0,0,0.962353321387736,1,1,0,0,0,1,0,0,0,1,0,0,0,0,0,1,0,1
62,1.2018099353148226,1,0,1.0323213593611125,2,1,0,0,0,0,1,0,0,0,1,0,0,1,0,0,1,0
63,-1.949033640858116,3,2,-0.08666388103324908,6,0,0,1,1,0,0,0,0,0,1,0,0,1,1,0,0,0
64,-0.10463740114712752,0,0,-0.09027201697708476,1,1,0,0,0,0,1,0,0,0,1,1,0,0,0,1,0,0
65,-0.10463740114712752,1,1,-0.3414522396297103,3,0,0,1,1,0,0,0,0,0,1,1,0,0,0,0,1,1
66,-0.027787557825836348,0,0,-0.43700743807979686,1,0,1,0,0,0,0,1,0,1,0,0,0,1,0,1,0,1
67,-0.7962859910387481,0,0,-0.4841568350646187,1,0,0,1,0,0,1,0,0,0,1,0,0,1,0,1,0,0
68,-0.9499856776813305,4,2,-0.4888542575852486,7,0,0,1,0,1,0,0,0,1,0,0,0,1,1,0,0,1
69,-0.2583370877897099,2,0,-0.47400492578514347,3,0,0,1,0,0,1,0,0,0,1,0,0,1,0,0,1,0
70,0.20276197213803718,0,0,-0.43700743807979686,1,0,1,0,0,0,1,0,0,0,1,0,0,1,0,1,0,0
71,-1.0268355210026217,5,2,0.2958951755118318,8,0,0,1,0,1,0,0,0,1,0,0,0,1,1,0,0,0
72,-0.6425863043961658,0,0,0.8314778546749452,1,0,1,0,0,0,1,0,0,0,1,0,0,1,0,1,0,0
73,-0.2583370877897099,1,0,-0.3573908580066095,2,0,0,1,0,0,1,0,0,0,1,1,0,0,0,0,1,0
74,0.20276197213803718,0,0,0.48910360681684706,1,0,0,1,0,0,1,0,0,0,1,0,0,1,0,1,0,1
75,-0.33518693111100106,0,0,-0.494391296561559,1,0,0,1,0,0,1,0,0,0,1,0,0,1,0,1,0,0
76,-0.10463740114712752,0,0,-0.4894421904510968,1,0,0,1,0,0,1,0,0,0,1,0,0,1,0,1,0,0
77,-0.10463740114712752,0,0,-0.4863374216869257,1,0,0,1,0,0,1,0,0,0,1,0,0,1,0,1,0,0
78,-2.192647644186609,0,2,-0.06451572512800753,3,0,1,0,1,0,0,0,0,0,1,0,0,1,0,0,1,1
79,0.04906228549545483,0,0,-0.397241430886295,1,0,0,1,0,1,0,0,0,1,0,0,0,1,0,1,0,1
80,-0.5657364610748746,0,0,-0.46720946885967163,1,0,0,1,0,0,1,0,0,0,1,0,0,1,0,1,0,0
81,-0.027787557825836348,0,0,-0.45714212526638004,1,0,0,1,0,0,1,0,0,0,1,0,0,1,0,1,0,1
82,-0.10463740114712752,0,0,-0.49162277707340374,1,0,0,1,0,1,0,0,0,1,0,0,1,0,0,1,0,1
83,-0.10463740114712752,0,0,0.29992211294914856,1,1,0,0,0,0,1,0,0,0,1,0,0,1,0,1,0,0
84,-0.9499856776813305,0,0,-0.43700743807979686,1,0,1,0,0,1,0,0,0,1,0,0,0,1,0,1,0,1
85,0.27961181545932834,3,0,-0.32928686163157667,4,0,0,1,0,0,0,1,0,1,0,0,0,1,0,0,1,1
86,-1.0268355210026217,1,3,0.04370821849987721,5,0,0,1,0,0,1,0,0,0,1,0,0,1,1,0,0,0
87,-0.10463740114712752,0,0,-0.4863374216869257,1,0,0,1,0,0,1,0,0,0,1,0,0,1,0,1,0,0
88,-0.48888661775358344,3,2,4.647001076532463,6,1,0,0,0,1,0,0,0,1,0,0,0,1,1,0,0,1
89,-0.41203677443229225,0,0,-0.4863374216869257,1,0,0,1,0,0,1,0,0,0,1,0,0,1,0,1,0,0
90,-0.027787557825836348,0,0,-0.4863374216869257,1,0,0,1,0,0,1,0,0,0,1,0,0,1,0,1,0,0
91,-0.719436147717457,0,0,-0.4902797934380587,1,0,0,1,0,0,1,0,0,0,1,0,0,1,0,1,0,0
92,1.2786597786361138,1,0,0.5833178351003071,2,1,0,0,0,0,1,0,0,0,1,0,0,1,0,0,1,0
93,-0.2583370877897099,1,2,-0.23415046467497105,4,0,0,1,0,0,1,0,0,0,1,0,0,1,0,0,1,0
94,2.277707741812899,0,0,-0.5024451714361923,1,0,0,1,0,0,1,0,0,0,1,0,0,1,0,1,0,0
95,-0.10463740114712752,0,0,-0.4863374216869257,1,0,0,1,0,0,1,0,0,0,1,0,0,1,0,1,0,0
96,3.1999058616683933,0,0,0.0493298231623713,1,1,0,0,0,0,1,0,0,0,1,1,0,0,0,1,0,0
97,-0.48888661775358344,0,1,0.6272778976347743,2,1,0,0,0,0,1,0,0,0,1,1,0,0,0,0,1,1
98,0.35646165878061953,0,1,-0.18532384824750675,2,0,1,0,0,0,0,1,0,1,0,0,0,1,0,0,1,1
99,0.35646165878061953,1,0,-0.12491978668775715,2,0,1,0,0,0,1,0,0,0,1,0,0,1,0,0,1,0
100,-0.10463740114712752,0,0,-0.4894421904510968,1,0,0,1,0,1,0,0,0,1,0,0,0,1,0,1,0,0
101,-0.10463740114712752,0,0,-0.4894421904510968,1,0,0,1,0,0,1,0,0,0,1,0,0,1,0,1,0,0
102,-0.6425863043961658,0,1,0.907737982394129,2,1,0,0,0,0,1,0,0,0,1,0,0,1,0,0,1,0
103,0.27961181545932834,0,0,-0.4741720436887921,1,0,0,1,0,0,1,0,0,0,1,0,0,1,0,1,0,0
104,0.5870111887444931,2,0,-0.4888542575852486,3,0,0,1,0,0,1,0,0,0,1,0,0,1,0,0,1,0
105,-0.10463740114712752,0,0,-0.4894421904510968,1,0,0,1,0,0,1,0,0,0,1,0,0,1,0,1,0,0
106,-0.6425863043961658,0,0,-0.494391296561559,1,0,0,1,0,1,0,0,0,1,0,0,0,1,0,1,0,1
107,-0.10463740114712752,0,0,-0.4918744606632361,1,0,0,1,0,0,1,0,0,0,1,0,0,1,0,1,0,1
108,0.6638610320657843,0,0,-0.4894421904510968,1,0,0,1,0,0,1,0,0,0,1,0,0,1,0,1,0,0
109,-0.10463740114712752,1,0,-0.1621689579829361,2,0,0,1,0,1,0,0,0,1,0,0,1,0,0,0,1,1
110,1.3555096219574048,0,0,0.39858208016340624,1,1,0,0,0,0,1,0,0,0,1,0,0,1,0,1,0,0
111,-1.1421102859845584,1,0,-0.3573908580066095,2,0,0,1,0,1,0,0,0,1,0,1,0,0,0,0,1,0
112,-0.5657364610748746,0,0,-0.4863374216869257,1,0,0,1,0,0,1,0,0,0,1,0,0,1,0,1,0,0
113,-0.719436147717457,1,0,-0.4505983519307405,2,0,0,1,0,1,0,0,0,1,0,0,0,1,0,0,1,0
114,-0.9499856776813305,0,0,-0.3573083057891445,1,0,0,1,0,1,0,0,0,1,0,1,0,0,0,1,0,0
115,-0.6425863043961658,0,0,-0.4888542575852486,1,0,0,1,0,0,1,0,0,0,1,0,0,1,0,1,0,0
116,3.1614809400077477,0,0,-0.49237782784290063,1,0,0,1,0,0,1,0,0,0,1,0,1,0,0,1,0,0
117,-0.027787557825836348,1,0,-0.22559322262067316,2,0,1,0,0,0,1,0,0,0,1,0,0,1,0,0,1,0
118,-0.41203677443229225,0,1,4.335332226633905,2,1,0,0,0,0,1,0,0,0,1,1,0,0,0,0,1,0
119,-2.1027333275006983,4,2,-0.01870931177853076,7,0,0,1,0,1,0,0,0,1,0,0,0,1,1,0,0,0
120,-0.6425863043961658,2,0,0.8314778546749452,3,0,1,0,0,0,1,0,0,0,1,0,0,1,0,0,1,0
121,-0.10463740114712752,0,0,-0.4863374216869257,1,0,0,1,0,0,1,0,0,0,1,0,0,1,0,1,0,0
122,0.24118689379868277,1,0,-0.04295550208861426,2,0,1,0,0,0,1,0,0,0,1,1,0,0,0,0,1,0
123,0.24118689379868277,0,0,-0.3866707201133388,1,0,1,0,0,1,0,0,0,1,0,0,0,1,0,1,0,1
124,1.893458525206443,0,1,0.907737982394129,2,1,0,0,0,0,1,0,0,0,1,0,0,1,0,0,1,0
125,-1.3342348942877864,1,0,-0.42207354059350805,2,0,0,1,1,0,0,0,0,0,1,1,0,0,0,0,1,1
126,-0.10463740114712752,0,0,-0.49237782784290063,1,0,0,1,0,0,1,0,0,0,1,0,1,0,0,1,0,0
127,-0.41203677443229225,0,0,-0.5046257580584992,1,0,0,1,0,0,1,0,0,0,1,0,0,1,0,1,0,1
128,-0.10463740114712752,1,1,-0.19824427701513722,3,0,0,1,0,1,0,0,0,1,0,1,0,0,0,0,1,1
129,1.2018099353148226,0,0,-0.5079822104125026,1,0,0,1,0,0,1,0,0,0,1,0,0,1,0,1,0,0
130,0.27961181545932834,0,0,-0.4894421904510968,1,0,0,1,0,0,1,0,0,0,1,1,0,0,0,1,0,0
131,-0.719436147717457,0,0,-0.5064721088735089,1,0,0,1,0,0,1,0,0,0,1,0,0,1,0,1,0,0
132,1.3555096219574048,1,0,-0.35646868933346404,2,0,0,1,0,0,0,1,0,1,0,0,0,1,0,0,1,0
133,-0.027787557825836348,1,0,-0.12491978668775715,2,0,1,0,0,0,0,1,0,1,0,0,0,1,0,0,1,1
134,-0.33518693111100106,0,0,-0.3866707201133388,1,0,1,0,0,0,1,0,0,0,1,0,0,1,0,1,0,0
135,-0.48888661775358344,0,0,-0.3454791770670269,1,0,1,0,0,0,1,0,0,0,1,1,0,0,0,1,0,0
136,-0.7962859910387481,0,2,-0.11921562980779811,3,1,0,0,0,1,0,0,0,1,0,0,0,1,0,0,1,1
137,0.5870111887444931,1,0,0.4207302360686478,2,1,0,0,0,0,1,0,0,0,1,0,0,1,0,0,1,0
138,-1.0268355210026217,0,0,-0.4628462821463391,1,0,0,1,0,0,1,0,0,0,1,0,0,1,0,1,0,0
139,-0.41203677443229225,0,0,0.9462455716384695,1,1,0,0,0,0,1,0,0,0,1,1,0,0,0,1,0,0
140,-0.10463740114712752,0,2,-0.3414522396297103,3,0,0,1,0,0,0,1,0,1,0,1,0,0,0,0,1,0
141,-0.5657364610748746,0,0,-0.49237782784290063,1,0,0,1,0,1,0,0,0,1,0,0,0,1,0,1,0,1
142,-0.41203677443229225,1,0,-0.32928686163157667,2,0,0,1,0,0,0,1,0,1,0,0,0,1,0,0,1,1
143,-0.7962859910387481,0,0,-0.5125125150294839,1,0,0,1,0,0,1,0,0,0,1,0,1,0,0,1,0,0
144,-0.8731358343600393,0,0,-0.41687275089321363,1,0,1,0,0,0,1,0,0,0,1,0,0,1,0,1,0,0
145,-0.7962859910387481,1,1,0.09152810056801232,3,0,1,0,0,0,1,0,0,0,1,0,0,1,0,0,1,0
146,-0.1814872444684187,0,0,-0.49145565916975514,1,0,0,1,0,0,1,0,0,0,1,0,0,1,0,1,0,1
147,-1.56478442425166,2,2,0.04370821849987721,5,0,0,1,0,1,0,0,0,1,0,0,0,1,1,0,0,0
148,0.5485862670838475,0,2,-0.12491978668775715,3,0,1,0,0,0,1,0,0,0,1,0,0,1,0,0,1,0
149,0.9712604053509489,0,0,-0.3866707201133388,1,0,1,0,0,0,0,0,1,0,1,0,0,1,0,1,0,0
150,1.6629089952425695,0,0,-0.39623469652696586,1,0,1,0,0,0,0,0,1,0,1,0,0,1,0,1,0,0
151,-0.5657364610748746,1,0,0.6925485130875209,2,1,0,0,0,0,0,1,0,1,0,0,0,1,0,0,1,1
152,2.00873329018838,0,0,-0.4863374216869257,1,0,0,1,0,0,1,0,0,0,1,0,0,1,0,1,0,0
153,0.8559856403690123,0,2,-0.35646868933346404,3,0,0,1,0,0,1,0,0,0,1,0,0,1,0,0,1,0
154,-0.10463740114712752,0,0,-0.5011867534870308,1,0,0,1,0,0,1,0,0,0,1,0,0,1,0,1,0,0
155,1.6629089952425695,0,1,0.5874293382238074,2,1,0,0,0,0,1,0,0,0,1,1,0,0,0,0,1,0
156,-1.0268355210026217,0,0,-0.49271407711891657,1,0,0,1,0,1,0,0,0,1,0,0,1,0,0,1,0,1
157,0.04906228549545483,0,0,-0.4863374216869257,1,0,0,1,0,0,1,0,0,0,1,0,0,1,0,1,0,0
158,-0.10463740114712752,0,0,-0.47400492578514347,1,0,0,1,0,0,1,0,0,0,1,0,0,1,0,1,0,0
159,-0.10463740114712752,8,2,0.7519458402879414,11,0,0,1,1,0,0,0,0,0,1,0,0,1,1,0,0,0
160,1.1249600919935314,0,1,-0.32425318983493084,2,0,0,1,0,0,1,0,0,0,1,0,0,1,0,0,1,0
161,0.8175607187083667,0,0,-0.331300330350235,1,0,1,0,0,0,0,1,0,1,0,0,0,1,0,1,0,1
162,-0.2583370877897099,0,0,-0.4918744606632361,1,0,0,1,0,0,1,0,0,0,1,0,0,1,0,1,0,0
163,-0.9499856776813305,0,0,-0.47400492578514347,1,0,0,1,0,0,1,0,0,0,1,0,0,1,0,1,0,0
164,-2.1795831708219895,4,1,0.1506737441786005,6,0,0,1,1,0,0,0,0,0,1,0,0,1,1,0,0,0
165,-1.56478442425166,0,2,-0.2351571990343002,3,0,0,1,1,0,0,0,0,0,1,0,0,1,0,0,1,1
166,-0.10463740114712752,0,1,0.4589861417231558,2,1,0,0,0,0,0,1,0,1,0,0,0,1,0,0,1,1
167,1.2018099353148226,1,4,-0.08666388103324908,6,0,0,1,0,0,0,1,0,1,0,0,0,1,1,0,0,0
168,-0.10463740114712752,0,0,-0.12642988822675086,1,1,0,0,0,0,1,0,0,0,1,0,0,1,0,1,0,0
169,-0.10463740114712752,0,0,0.48910360681684706,1,0,0,1,0,0,1,0,0,0,1,0,0,1,0,1,0,0
170,2.4314074284554814,0,0,0.026090367211616904,1,1,0,0,0,0,1,0,0,0,1,0,0,1,0,1,0,0
171,-1.949033640858116,4,1,-0.06199888922968463,6,0,0,1,1,0,0,0,0,0,1,0,1,0,1,0,0,0
172,-2.1795831708219895,1,1,-0.4242561406845337,3,0,0,1,0,1,0,0,0,1,0,0,0,1,0,0,1,1
173,-0.6425863043961658,0,0,-0.4888542575852486,1,0,0,1,0,0,1,0,0,0,1,0,0,1,0,1,0,0
174,2.0471582118490255,0,0,-0.030371322596999754,1,1,0,0,0,0,1,0,0,0,1,1,0,0,0,1,0,0
175,-0.8731358343600393,1,1,-0.4902797934380587,3,0,0,1,0,0,1,0,0,0,1,0,0,1,0,0,1,0
176,-0.10463740114712752,3,1,-0.13565761536436197,5,0,0,1,1,0,0,0,0,0,1,0,0,1,1,0,0,0
177,1.5860591519212783,0,0,-0.07030444769415023,1,1,0,0,0,1,0,0,0,1,0,1,0,0,0,1,0,0
178,0.04906228549545483,0,0,-0.3866707201133388,1,0,1,0,0,0,1,0,0,0,1,0,0,1,0,1,0,0
179,0.5101613454232019,0,0,-0.6484216535389205,1,0,0,1,0,0,1,0,0,0,1,0,0,1,0,1,0,0
180,-0.10463740114712752,8,2,0.7519458402879414,11,0,0,1,0,1,0,0,0,1,0,0,0,1,1,0,0,0
181,-0.10463740114712752,0,0,-0.34539461138084326,1,0,1,0,0,0,1,0,0,0,1,1,0,0,0,1,0,0
182,-1.56478442425166,4,2,-0.016444159470040135,7,0,0,1,1,0,0,0,0,0,1,0,0,1,1,0,0,0
183,-2.1795831708219895,2,1,0.13683114673782454,4,0,1,0,1,0,0,0,0,0,1,0,0,1,0,0,1,1
184,-1.949033640858116,0,2,-0.20495516825442542,3,0,0,1,0,1,0,0,0,1,0,0,0,1,0,0,1,1
185,-0.10463740114712752,0,0,0.3583127057902398,1,1,0,0,0,0,1,0,0,0,1,0,0,1,0,1,0,0
186,-0.10463740114712752,1,0,-0.3363340021468808,2,0,0,1,0,0,0,1,0,1,0,0,1,0,0,0,1,1
187,1.2018099353148226,0,0,-0.11384570873513637,1,1,0,0,0,0,1,0,0,0,1,0,0,1,0,1,0,1
188,0.8175607187083667,1,1,-0.3363340021468808,3,0,0,1,0,0,1,0,0,0,1,0,1,0,0,0,1,0
189,0.5101613454232019,0,0,-0.4894421904510968,1,0,0,1,0,0,1,0,0,0,1,0,0,1,0,1,0,0
190,0.20276197213803718,0,0,-0.3866707201133388,1,0,1,0,0,0,0,1,0,1,0,0,0,1,0,1,0,1
191,-0.7962859910387481,0,0,-0.3866707201133388,1,0,1,0,0,0,1,0,0,0,1,0,0,1,0,1,0,0
192,-0.7962859910387481,1,0,-0.4902797934380587,2,0,0,1,0,1,0,0,0,1,0,0,0,1,0,0,1,1
193,-2.025883484179407,1,1,-0.12491978668775715,3,0,1,0,1,0,0,0,0,0,1,0,0,1,0,0,1,1
194,1.1249600919935314,0,0,-0.09027201697708476,1,1,0,0,0,0,0,1,0,1,0,1,0,0,0,1,0,1
195,2.200857898491608,0,0,2.301728820789,1,1,0,0,0,1,0,0,0,1,0,1,0,0,0,1,0,1
196,-0.10463740114712752,0,0,-0.49237782784290063,1,0,0,1,0,0,1,0,0,0,1,0,1,0,0,1,0,0
197,0.9712604053509489,0,1,-0.47920571548543794,2,0,0,1,0,0,1,0,0,0,1,0,0,1,0,0,1,0
198,-0.10463740114712752,0,0,-0.49237782784290063,1,0,0,1,0,1,0,0,0,1,0,0,1,0,0,1,0,1
199,-0.41203677443229225,0,0,-0.3866707201133388,1,0,1,0,0,1,0,0,0,1,0,0,0,1,0,1,0,0
200,-0.10463740114712752,0,0,-0.45714212526638004,1,0,0,1,0,0,1,0,0,0,1,0,0,1,0,1,0,0
201,-0.10463740114712752,8,2,0.7519458402879414,11,0,0,1,0,0,1,0,0,0,1,0,0,1,1,0,0,0
202,0.35646165878061953,0,0,-0.5176307525123133,1,0,0,1,0,0,1,0,0,0,1,0,0,1,0,1,0,0
203,1.2402348569754682,0,0,-0.5029485386158568,1,0,0,1,0,0,1,0,0,0,1,1,0,0,0,1,0,0
204,-0.8731358343600393,0,0,-0.4863374216869257,1,0,0,1,0,0,1,0,0,0,1,0,0,1,0,1,0,1
205,-2.1027333275006983,0,1,-0.43776248884929375,2,0,0,1,0,1,0,0,0,1,0,0,0,1,0,0,1,0
206,0.20276197213803718,1,0,-0.32928686163157667,2,0,0,1,0,0,1,0,0,0,1,0,0,1,0,0,1,0
207,-0.2583370877897099,0,0,-0.2701412180209885,1,0,0,1,0,0,1,0,0,0,1,1,0,0,0,1,0,1
208,-1.0268355210026217,0,0,-0.49237782784290063,1,0,0,1,0,1,0,0,0,1,0,0,1,0,0,1,0,1
209,0.8175607187083667,0,0,-0.024246350754841113,1,1,0,0,0,0,1,0,0,0,1,1,0,0,0,1,0,1
210,-0.41203677443229225,0,0,-0.5064721088735089,1,0,0,1,0,0,1,0,0,0,1,0,0,1,0,1,0,0
211,0.4333115021019107,0,0,-0.22559322262067316,1,0,1,0,0,1,0,0,0,1,0,0,0,1,0,1,0,1
212,-0.5657364610748746,0,0,-0.5024451714361923,1,0,0,1,0,0,1,0,0,0,1,0,0,1,0,1,0,0
213,0.04906228549545483,0,0,-0.3866707201133388,1,0,1,0,0,0,1,0,0,0,1,0,0,1,0,1,0,0
214,-0.10463740114712752,1,0,-0.49237782784290063,2,0,0,1,0,0,1,0,0,0,1,0,1,0,0,0,1,0
215,0.12591212881674602,1,0,1.6323350375212924,2,1,0,0,0,1,0,0,0,1,0,1,0,0,0,0,1,1
216,-0.1814872444684187,0,0,-0.4888542575852486,1,0,0,1,0,1,0,0,0,1,0,0,0,1,0,1,0,1
217,0.9712604053509489,1,0,-0.10478509950117394,2,0,1,0,0,0,1,0,0,0,1,0,0,1,0,0,1,0
218,0.20276197213803718,0,0,0.8876878608937296,1,1,0,0,0,1,0,0,0,1,0,1,0,0,0,1,0,1
219,0.04906228549545483,0,0,-0.43700743807979686,1,0,1,0,0,0,1,0,0,0,1,0,0,1,0,1,0,0
220,-1.0268355210026217,0,0,-0.4863374216869257,1,0,0,1,0,0,1,0,0,0,1,0,0,1,0,1,0,1
221,-0.1814872444684187,0,0,-0.3866707201133388,1,0,1,0,0,0,1,0,0,0,1,0,0,1,0,1,0,0
222,1.6629089952425695,0,0,-0.4863374216869257,1,0,0,1,0,0,1,0,0,0,1,0,0,1,0,1,0,0
223,-0.10463740114712752,0,0,-0.4894421904510968,1,0,0,1,0,0,1,0,0,0,1,0,0,1,0,1,0,0
224,0.6638610320657843,1,0,1.163700193253568,2,1,0,0,0,0,1,0,0,0,1,0,0,1,0,0,1,1
225,-0.5657364610748746,0,0,-0.4601623283443675,1,0,0,1,0,0,1,0,0,0,1,0,0,1,0,1,0,0
226,-0.7962859910387481,0,0,-0.43700743807979686,1,0,1,0,0,0,1,0,0,0,1,0,0,1,0,1,0,1
227,-0.6810112260568114,0,0,-0.5024451714361923,1,0,0,1,0,0,1,0,0,0,1,0,0,1,0,1,0,0
228,-0.8731358343600393,0,0,-0.3866707201133388,1,0,1,0,0,0,1,0,0,0,1,0,0,1,0,1,0,0
229,-0.10463740114712752,3,1,-0.13565761536436197,5,0,0,1,0,1,0,0,0,1,0,0,0,1,1,0,0,0
230,0.4333115021019107,1,0,1.0323213593611125,2,1,0,0,0,0,0,1,0,1,0,0,0,1,0,0,1,1
231,-0.027787557825836348,0,0,-0.4918744606632361,1,0,0,1,0,0,1,0,0,0,1,0,0,1,0,1,0,0
232,2.277707741812899,0,0,-0.3766033765200472,1,0,1,0,0,0,1,0,0,0,1,0,0,1,0,1,0,0
233,-1.8721837975368247,4,2,-0.016444159470040135,7,0,0,1,0,1,0,0,0,1,0,0,0,1,1,0,0,1
234,-0.41203677443229225,0,0,-0.43700743807979686,1,0,1,0,0,0,1,0,0,0,1,0,0,1,0,1,0,0
235,-0.10463740114712752,0,0,-0.49640476528021726,1,0,0,1,0,1,0,0,0,1,0,0,0,1,0,1,0,0
236,1.1249600919935314,1,0,-0.12491978668775715,2,0,1,0,0,0,1,0,0,0,1,0,0,1,0,0,1,0
237,-1.6416342675729512,0,2,-0.11988611489111134,3,0,1,0,0,1,0,0,0,1,0,0,0,1,0,0,1,1
238,-0.7962859910387481,0,0,-0.43700743807979686,1,0,1,0,0,0,1,0,0,0,1,0,0,1,0,1,0,0
239,0.27961181545932834,0,0,-0.4012683683236117,1,0,1,0,0,0,1,0,0,0,1,0,0,1,0,1,0,0
240,-0.10463740114712752,1,0,-0.3573908580066095,2,0,0,1,0,1,0,0,0,1,0,1,0,0,0,0,1,0
241,-0.10463740114712752,1,0,-0.3363340021468808,2,0,0,1,0,1,0,0,0,1,0,0,1,0,0,0,1,1
242,-0.027787557825836348,0,0,-0.43700743807979686,1,0,1,0,0,0,1,0,0,0,1,0,0,1,0,1,0,0
243,-0.5657364610748746,0,0,-0.5049620073345151,1,0,0,1,0,0,1,0,0,0,1,0,0,1,0,1,0,0
244,0.04906228549545483,0,0,-0.5029485386158568,1,0,0,1,0,0,1,0,0,0,1,1,0,0,0,1,0,0
245,1.1249600919935314,2,0,1.163700193253568,3,1,0,0,0,0,0,0,1,0,1,0,1,0,0,0,1,0
246,-0.33518693111100106,0,0,-0.4918744606632361,1,0,0,1,0,1,0,0,0,1,0,0,0,1,0,1,0,0
247,-0.41203677443229225,0,2,-0.35646868933346404,3,0,1,0,0,0,0,1,0,1,0,0,0,1,0,0,1,1
248,0.5870111887444931,1,1,0.40974072380221066,3,1,0,0,0,0,1,0,0,0,1,0,0,1,0,0,1,1
249,1.893458525206443,1,0,-0.12491978668775715,2,0,1,0,0,0,0,0,1,0,1,0,0,1,0,0,1,0
250,-0.10463740114712752,0,0,-0.5024451714361923,1,0,0,1,0,0,1,0,0,0,1,0,0,1,0,1,0,0
251,-0.027787557825836348,1,1,-0.43776248884929375,3,0,0,1,0,0,0,1,0,1,0,0,0,1,0,0,1,0
252,2.5082572717767726,0,0,-0.11384570873513637,1,1,0,0,0,0,1,0,0,0,1,0,0,1,0,1,0,0
253,0.04906228549545483,1,0,-0.32425318983493084,2,0,0,1,0,0,1,0,0,0,1,0,0,1,0,0,1,0
254,0.8944105620296577,0,2,-0.2414492887801075,3,0,0,1,0,0,0,1,0,1,0,0,0,1,0,0,1,0
255,-0.027787557825836348,0,2,-0.3414522396297103,3,0,0,1,0,0,0,1,0,1,0,1,0,0,0,0,1,1
256,-0.10463740114712752,0,0,0.9462455716384695,1,1,0,0,0,0,0,1,0,1,0,1,0,0,0,1,0,1
257,0.04906228549545483,0,0,1.093228788100527,1,1,0,0,0,1,0,0,0,1,0,0,0,1,0,1,0,1
258,0.4333115021019107,0,0,9.667166525013505,1,1,0,0,0,1,0,0,0,1,0,1,0,0,0,1,0,1
259,1.5860591519212783,0,1,-0.12491978668775715,2,0,1,0,0,0,0,1,0,1,0,0,0,1,0,0,1,1
260,-0.10463740114712752,0,0,-0.49237782784290063,1,0,0,1,0,0,1,0,0,0,1,0,1,0,0,1,0,0
261,-2.025883484179407,4,2,-0.016444159470040135,7,0,0,1,1,0,0,0,0,0,1,0,0,1,1,0,0,1
262,1.7397588385638607,1,1,0.955306180872432,3,1,0,0,0,0,1,0,0,0,1,0,0,1,0,0,1,0
263,0.8175607187083667,0,0,-0.6484216535389205,1,1,0,0,0,0,1,0,0,0,1,0,0,1,0,1,0,0
264,-0.10463740114712752,0,0,-0.49237782784290063,1,0,0,1,0,1,0,0,0,1,0,0,1,0,0,1,0,0
265,0.5101613454232019,0,0,-0.43700743807979686,1,0,1,0,0,0,1,0,0,0,1,0,0,1,0,1,0,0
266,-1.0268355210026217,4,1,0.1506737441786005,6,0,0,1,0,0,1,0,0,0,1,0,0,1,1,0,0,0
267,-0.33518693111100106,1,0,-0.4918744606632361,2,0,0,1,0,0,1,0,0,0,1,0,0,1,0,0,1,1
268,2.200857898491608,0,1,2.441497778832105,2,1,0,0,0,0,0,1,0,1,0,0,0,1,0,0,1,1
269,0.4333115021019107,0,0,2.0825124140450755,1,1,0,0,0,1,0,0,0,1,0,0,0,1,0,1,0,1
270,-0.10463740114712752,0,0,-0.024246350754841113,1,1,0,0,0,0,1,0,0,0,1,0,0,1,0,1,0,0
271,-0.33518693111100106,0,0,-0.6484216535389205,1,0,0,1,0,0,1,0,0,0,1,0,0,1,0,1,0,1
272,0.8944105620296577,0,1,-0.255795253400548,2,0,1,0,0,0,0,1,0,1,0,0,0,1,0,0,1,1
273,0.5870111887444931,0,1,-0.05042144409739929,2,1,0,0,0,0,1,0,0,0,1,1,0,0,0,0,1,0
274,-0.10463740114712752,0,0,-0.49237782784290063,1,0,0,1,0,1,0,0,0,1,0,0,1,0,0,1,0,1
275,2.585107115098064,1,0,0.921244330558889,2,1,0,0,0,1,0,0,0,1,0,0,0,1,0,0,1,1
276,1.2018099353148226,0,0,-0.49237782784290063,1,0,0,1,0,1,0,0,0,1,0,0,0,1,0,1,0,0
277,-0.10463740114712752,0,0,-0.6484216535389205,1,0,1,0,0,0,1,0,0,0,1,0,0,1,0,1,0,0
278,-1.7184841108942424,4,1,-0.06199888922968463,6,0,0,1,1,0,0,0,0,0,1,0,1,0,1,0,0,0
279,0.4333115021019107,1,1,-0.24069423801061057,3,0,0,1,0,0,0,1,0,1,0,0,0,1,0,0,1,1
280,2.738806801740646,0,0,-0.49237782784290063,1,0,0,1,0,0,1,0,0,0,1,0,1,0,0,1,0,0
281,-0.10463740114712752,0,0,-0.4902797934380587,1,0,0,1,0,0,1,0,0,0,1,0,0,1,0,1,0,0
282,-1.0268355210026217,0,0,-0.45714212526638004,1,0,0,1,0,0,1,0,0,0,1,0,0,1,0,1,0,0
283,-0.7962859910387481,0,0,-0.4863374216869257,1,0,0,1,0,0,1,0,0,0,1,0,0,1,0,1,0,1
284,-0.10463740114712752,0,0,-0.12491978668775715,1,1,0,0,0,0,1,0,0,0,1,0,0,1,0,1,0,0
285,0.27961181545932834,0,0,-0.47400492578514347,1,0,0,1,0,0,1,0,0,0,1,1,0,0,0,1,0,0
286,0.04906228549545483,0,0,-0.45714212526638004,1,0,0,1,0,0,1,0,0,0,1,0,0,1,0,1,0,1
287,-0.5657364610748746,0,0,-0.4894421904510968,1,0,0,1,0,0,1,0,0,0,1,0,0,1,0,1,0,0
288,0.9712604053509489,0,0,-0.3866707201133388,1,0,1,0,0,0,1,0,0,0,1,0,0,1,0,1,0,1
289,-0.5657364610748746,0,0,-0.49237782784290063,1,0,0,1,0,1,0,0,0,1,0,0,1,0,0,1,0,1
290,-0.2583370877897099,0,0,0.9391984311231651,1,1,0,0,0,1,0,0,0,1,0,0,0,1,0,1,0,1
291,-0.7962859910387481,1,0,1.1854295476653287,2,1,0,0,0,0,0,1,0,1,0,1,0,0,0,0,1,1
292,0.5101613454232019,0,0,-0.3891875560116617,1,0,1,0,0,0,1,0,0,0,1,1,0,0,0,1,0,0
293,-0.41203677443229225,0,0,-0.4702296719376591,1,0,0,1,0,1,0,0,0,1,0,0,0,1,0,1,0,0
294,-0.41203677443229225,0,0,-0.4894421904510968,1,0,0,1,0,0,1,0,0,0,1,0,0,1,0,1,0,0
295,-0.10463740114712752,0,0,-0.09027201697708476,1,1,0,0,0,0,1,0,0,0,1,1,0,0,0,1,0,0
296,-0.45046169609293785,0,0,-0.5028639729296732,1,0,0,1,0,0,1,0,0,0,1,1,0,0,0,1,0,0
297,-2.1027333275006983,1,2,2.4029901895877646,4,1,0,0,0,1,0,0,0,1,0,0,0,1,0,0,1,0
298,-0.10463740114712752,0,0,-0.034313694348132716,1,1,0,0,0,0,1,0,0,0,1,0,0,1,0,1,0,1
299,1.5860591519212783,0,1,4.335332226633905,2,1,0,0,0,0,0,1,0,1,0,1,0,0,0,0,1,1
300,-0.10463740114712752,0,0,-0.49237782784290063,1,0,0,1,0,1,0,0,0,1,0,0,1,0,0,1,0,1
301,-0.10463740114712752,2,0,-0.18029017645086096,3,0,0,1,0,0,1,0,0,0,1,0,1,0,0,0,1,1
302,-0.7962859910387481,0,0,-0.6484216535389205,1,0,0,1,0,0,1,0,0,0,1,0,0,1,0,1,0,0
303,-0.10463740114712752,0,0,-0.3997582667846179,1,0,1,0,0,1,0,0,0,1,0,0,1,0,0,1,0,1
304,-0.10463740114712752,0,0,-0.4863374216869257,1,0,0,1,0,0,1,0,0,0,1,0,0,1,0,1,0,0
305,-2.1857311582876924,1,2,2.4029901895877646,4,1,0,0,1,0,0,0,0,0,1,0,0,1,0,0,1,1
306,-0.10463740114712752,0,0,1.5841789061771412,1,1,0,0,0,1,0,0,0,1,0,1,0,0,0,1,0,1
307,-0.9499856776813305,1,0,1.5442457810799908,2,1,0,0,0,0,0,1,0,1,0,1,0,0,0,0,1,1
308,0.04906228549545483,1,0,-0.16518916106092355,2,0,1,0,0,0,1,0,0,0,1,1,0,0,0,0,1,0
309,0.04906228549545483,0,0,0.49782998024351216,1,1,0,0,0,1,0,0,0,1,0,1,0,0,0,1,0,1
310,-0.41203677443229225,0,0,1.0259447039291216,1,1,0,0,0,1,0,0,0,1,0,1,0,0,0,1,0,1
311,-0.8731358343600393,2,2,4.634416897040849,5,1,0,0,0,1,0,0,0,1,0,1,0,0,1,0,0,1
312,-0.2583370877897099,1,1,-0.12491978668775715,3,0,1,0,0,0,0,1,0,1,0,0,0,1,0,0,1,0
313,-0.10463740114712752,0,0,-0.4894421904510968,1,0,0,1,0,0,1,0,0,0,1,0,0,1,0,1,0,0
314,1.0481102486722402,1,1,-0.11988611489111134,3,0,1,0,0,0,1,0,0,0,1,0,0,1,0,0,1,0
315,-0.2583370877897099,0,0,-0.4902797934380587,1,0,0,1,0,1,0,0,0,1,0,0,0,1,0,1,0,1
316,-0.41203677443229225,1,0,-0.12491978668775715,2,0,1,0,0,0,0,1,0,1,0,0,0,1,0,0,1,1
317,1.893458525206443,0,0,-0.36653603292675563,1,0,1,0,0,0,0,0,1,0,1,0,0,1,0,1,0,0
318,0.12591212881674602,0,2,2.671117778445337,3,1,0,0,0,1,0,0,0,1,0,0,0,1,0,0,1,1
319,0.8175607187083667,1,1,2.059693773056521,3,1,0,0,0,0,0,1,0,1,0,1,0,0,0,0,1,1
320,-0.5657364610748746,0,0,-0.5024451714361923,1,0,0,1,0,0,1,0,0,0,1,0,0,1,0,1,0,0
321,-0.1814872444684187,0,0,-0.4894421904510968,1,0,0,1,0,0,1,0,0,0,1,0,0,1,0,1,0,0
322,0.04906228549545483,0,0,-0.3997582667846179,1,0,1,0,0,1,0,0,0,1,0,0,1,0,0,1,0,1
323,-0.5657364610748746,1,1,-0.06451572512800753,3,0,1,0,0,0,0,1,0,1,0,0,0,1,0,0,1,1
324,-0.10463740114712752,8,2,0.7519458402879414,11,0,0,1,0,0,1,0,0,0,1,0,0,1,1,0,0,0
325,0.5101613454232019,0,0,2.0825124140450755,1,1,0,0,0,1,0,0,0,1,0,1,0,0,0,1,0,1
326,2.4314074284554814,0,0,-0.5228315422126077,1,0,0,1,0,0,1,0,0,0,1,0,0,1,0,1,0,0
327,0.5101613454232019,0,0,-0.3866707201133388,1,0,1,0,0,0,0,1,0,1,0,0,0,1,0,1,0,1
328,0.12591212881674602,1,1,-0.2351571990343002,3,0,0,1,0,0,0,1,0,1,0,0,0,1,0,0,1,1
329,-1.0268355210026217,0,1,0.5189714017894245,2,1,0,0,0,1,0,0,0,1,0,1,0,0,0,0,1,1
330,-0.10463740114712752,2,0,-0.18029017645086096,3,0,0,1,0,1,0,0,0,1,0,0,1,0,0,0,1,1
331,1.2402348569754682,0,0,-0.07458306872129913,1,1,0,0,0,0,1,0,0,0,1,0,0,1,0,1,0,0
332,0.6638610320657843,0,1,2.441497778832105,2,1,0,0,0,0,1,0,0,0,1,0,0,1,0,0,1,0
333,-1.0268355210026217,2,0,-0.2859972841804228,3,0,0,1,0,0,1,0,0,0,1,0,0,1,0,0,1,0
334,-0.10463740114712752,1,0,2.042579288947925,2,1,0,0,0,0,0,1,0,1,0,0,0,1,0,0,1,1
335,-0.10463740114712752,0,0,-0.4894421904510968,1,0,0,1,0,0,1,0,0,0,1,0,0,1,0,1,0,0
336,-0.027787557825836348,1,0,0.6925485130875209,2,1,0,0,0,0,1,0,0,0,1,0,0,1,0,0,1,0
337,0.8944105620296577,0,0,2.059693773056521,1,1,0,0,0,1,0,0,0,1,0,1,0,0,0,1,0,1
338,1.2018099353148226,0,0,-0.4863374216869257,1,0,0,1,0,0,1,0,0,0,1,0,0,1,0,1,0,1
339,1.2018099353148226,0,0,0.06635974158478332,1,1,0,0,0,0,1,0,0,0,1,0,0,1,0,1,0,0
340,-2.1027333275006983,1,1,-0.12491978668775715,3,0,1,0,1,0,0,0,0,0,1,0,0,1,0,0,1,1
341,-0.41203677443229225,3,2,4.647001076532463,6,1,0,0,0,1,0,0,0,1,0,0,0,1,1,0,0,1
342,-0.10463740114712752,0,0,-0.3866707201133388,1,0,1,0,0,0,1,0,0,0,1,0,0,1,0,1,0,0
343,-0.33518693111100106,0,0,-0.3866707201133388,1,0,1,0,0,0,1,0,0,0,1,0,0,1,0,1,0,0
344,0.5101613454232019,0,0,-0.3866707201133388,1,0,1,0,0,0,1,0,0,0,1,0,0,1,0,1,0,0
345,-0.41203677443229225,0,0,-0.3866707201133388,1,0,1,0,0,1,0,0,0,1,0,0,0,1,0,1,0,1
346,0.8175607187083667,0,0,-0.3866707201133388,1,0,1,0,0,1,0,0,0,1,0,0,0,1,0,1,0,1
347,-0.10463740114712752,1,0,-0.32425318983493084,2,0,0,1,0,0,0,1,0,1,0,0,0,1,0,0,1,1
348,-2.025883484179407,1,1,-0.32828012727224753,3,0,0,1,1,0,0,0,0,0,1,0,0,1,0,0,1,1
349,0.9712604053509489,0,0,-0.47400492578514347,1,0,0,1,0,0,1,0,0,0,1,0,0,1,0,1,0,0
350,-0.48888661775358344,0,0,-0.4626791642426904,1,0,0,1,0,0,1,0,0,0,1,0,0,1,0,1,0,0
351,-0.10463740114712752,0,0,0.05629239799149171,1,1,0,0,0,0,1,0,0,0,1,0,0,1,0,1,0,0
352,-1.1036853643239128,1,1,-0.5028639729296732,3,0,0,1,0,0,1,0,0,0,1,1,0,0,0,0,1,0
353,-0.33518693111100106,1,0,-0.29002422161773944,2,0,0,1,0,0,1,0,0,0,1,0,0,1,0,0,1,0
354,-0.10463740114712752,0,0,-0.5029485386158568,1,0,0,1,0,0,1,0,0,0,1,1,0,0,0,1,0,0
355,-0.10463740114712752,0,0,-0.45714212526638004,1,0,0,1,0,0,1,0,0,0,1,0,0,1,0,1,0,0
356,-0.5657364610748746,0,1,0.4589861417231558,2,1,0,0,0,1,0,0,0,1,0,0,0,1,0,0,1,1
357,0.6638610320657843,0,0,-0.3866707201133388,1,0,1,0,0,1,0,0,0,1,0,0,0,1,0,1,0,0
358,-0.10463740114712752,0,0,-0.48977642625839407,1,0,0,1,0,1,0,0,0,1,0,0,1,0,0,1,0,1
359,-0.10463740114712752,0,0,-0.48977642625839407,1,0,0,1,0,1,0,0,0,1,0,0,1,0,0,1,0,1
360,0.8175607187083667,1,4,-0.08666388103324908,6,0,0,1,0,0,1,0,0,0,1,0,0,1,1,0,0,0
361,-0.027787557825836348,1,0,-0.09027201697708476,2,0,1,0,0,0,1,0,0,0,1,1,0,0,0,0,1,0
362,1.2018099353148226,0,1,-0.3573908580066095,2,0,0,1,0,0,0,1,0,1,0,1,0,0,0,0,1,0
363,0.4333115021019107,0,0,-0.5064721088735089,1,0,0,1,0,0,1,0,0,0,1,0,0,1,0,1,0,0
364,-0.10463740114712752,1,0,-0.3363340021468808,2,0,0,1,0,0,1,0,0,0,1,0,1,0,0,0,1,0
365,0.04906228549545483,0,0,-0.5024451714361923,1,0,0,1,0,0,1,0,0,0,1,0,0,1,0,1,0,0
366,2.3545575851341902,1,0,0.8667135572514657,2,1,0,0,0,0,0,1,0,1,0,1,0,0,0,0,1,1
367,-0.10463740114712752,0,0,-0.5028639729296732,1,0,0,1,0,0,0,1,0,1,0,1,0,0,0,1,0,1
368,-0.10463740114712752,0,0,-0.49237782784290063,1,0,0,1,0,1,0,0,0,1,0,0,1,0,0,1,0,1
369,-0.41203677443229225,0,0,0.7469121684912956,1,1,0,0,0,0,0,0,1,1,0,1,0,0,0,1,0,1
370,-0.33518693111100106,1,0,0.4678796330534696,2,1,0,0,0,0,1,0,0,0,1,1,0,0,0,0,1,1
371,-0.8731358343600393,1,0,-0.5176307525123133,2,0,0,1,0,0,1,0,0,0,1,0,0,1,0,0,1,0
372,-0.7962859910387481,0,0,-0.4863374216869257,1,0,0,1,0,0,1,0,0,0,1,0,0,1,0,1,0,0
373,-0.5657364610748746,0,0,2.0825124140450755,1,1,0,0,0,0,1,0,0,0,1,1,0,0,0,1,0,0
374,-2.025883484179407,3,1,-0.22408312108167944,5,0,0,1,0,1,0,0,0,1,0,0,0,1,1,0,0,0
375,-0.10463740114712752,1,0,1.0060617003323709,2,1,0,0,0,0,0,1,0,1,0,1,0,0,0,0,1,1
376,-0.5657364610748746,0,0,-0.5024451714361923,1,0,0,1,0,1,0,0,0,1,0,0,0,1,0,1,0,1
377,-0.1814872444684187,0,2,3.610064686423428,3,1,0,0,0,0,1,0,0,0,1,1,0,0,0,0,1,0
378,-0.719436147717457,0,0,-0.5676312212027554,1,0,0,1,0,0,1,0,0,0,1,1,0,0,0,1,0,0
379,-0.7962859910387481,0,0,-0.4918744606632361,1,0,0,1,0,0,1,0,0,0,1,0,0,1,0,1,0,0
380,0.9712604053509489,0,0,3.9327230485884233,1,1,0,0,0,1,0,0,0,1,0,1,0,0,0,1,0,1
381,-2.1795831708219895,0,2,-0.33146744825388363,3,0,0,1,0,1,0,0,0,1,0,1,0,0,0,0,1,1
382,0.20276197213803718,0,0,-0.4888542575852486,1,0,0,1,0,0,1,0,0,0,1,0,0,1,0,1,0,0
383,0.4333115021019107,1,0,0.39858208016340624,2,1,0,0,0,0,0,1,0,1,0,0,0,1,0,0,1,1
384,-0.10463740114712752,0,0,-0.4894421904510968,1,0,0,1,0,0,1,0,0,0,1,0,0,1,0,1,0,0
385,-0.8731358343600393,0,0,0.8314778546749452,1,0,1,0,0,0,1,0,0,0,1,0,0,1,0,1,0,0
386,-2.1795831708219895,5,2,0.2958951755118318,8,0,0,1,1,0,0,0,0,0,1,0,0,1,1,0,0,0
387,0.5101613454232019,0,0,-0.3866707201133388,1,0,1,0,0,1,0,0,0,1,0,0,0,1,0,1,0,1
388,-0.10463740114712752,0,0,-0.49279662933638163,1,0,0,1,0,0,1,0,0,0,1,0,1,0,0,1,0,0
389,-0.9499856776813305,0,0,-0.40680540729992204,1,0,1,0,0,1,0,0,0,1,0,1,0,0,0,1,0,1
390,0.5101613454232019,1,2,1.7677408088510642,4,1,0,0,0,0,1,0,0,0,1,0,0,1,0,0,1,1
391,-0.6425863043961658,0,0,-0.49145565916975514,1,0,0,1,0,0,1,0,0,0,1,0,0,1,0,1,0,1
392,-0.10463740114712752,2,0,-0.4888542575852486,3,0,0,1,0,0,1,0,0,0,1,0,0,1,0,0,1,0
393,-0.48888661775358344,1,0,1.6323350375212924,2,1,0,0,0,1,0,0,0,1,0,1,0,0,0,0,1,1
394,-0.41203677443229225,0,2,-0.312172377522981,3,0,0,1,0,0,0,1,0,1,0,0,0,1,0,0,1,1
395,-0.5657364610748746,0,0,-0.49145565916975514,1,0,0,1,0,0,1,0,0,0,1,0,0,1,0,1,0,0
396,0.12591212881674602,0,0,-0.4902797934380587,1,0,0,1,0,1,0,0,0,1,0,0,0,1,0,1,0,0
397,1.2786597786361138,0,0,-0.12491978668775715,1,0,1,0,0,0,1,0,0,0,1,0,0,1,0,1,0,0
398,-0.48888661775358344,0,0,-0.43700743807979686,1,0,1,0,0,0,0,0,1,0,1,0,0,1,0,1,0,0
399,-0.10463740114712752,0,0,-0.393717860628643,1,0,1,0,0,0,0,1,0,1,0,0,0,1,0,1,0,1
400,0.7407108753870755,0,0,-0.4888542575852486,1,0,0,1,0,0,1,0,0,0,1,0,0,1,0,1,0,1
401,-0.2583370877897099,0,0,-0.4863374216869257,1,0,0,1,0,0,1,0,0,0,1,0,0,1,0,1,0,0
402,-0.6425863043961658,1,0,-0.4505983519307405,2,0,0,1,0,1,0,0,0,1,0,0,0,1,0,0,1,0
403,-0.10463740114712752,1,0,-0.32928686163157667,2,0,0,1,0,0,1,0,0,0,1,0,0,1,0,0,1,0
404,-0.719436147717457,0,0,-0.47400492578514347,1,0,0,1,0,1,0,0,0,1,0,0,0,1,0,1,0,0
405,0.35646165878061953,1,0,-0.22559322262067316,2,0,1,0,0,0,1,0,0,0,1,0,0,1,0,0,1,0
406,1.6629089952425695,0,0,-0.49237782784290063,1,0,0,1,0,0,1,0,0,0,1,0,0,1,0,1,0,0
407,-2.025883484179407,1,1,-0.2708962687904854,3,0,1,0,1,0,0,0,0,0,1,0,0,1,0,0,1,1
408,-0.6425863043961658,0,0,-0.4918744606632361,1,0,0,1,0,0,1,0,0,0,1,0,0,1,0,1,0,0
409,-0.10463740114712752,3,1,-0.13565761536436197,5,0,0,1,0,1,0,0,0,1,0,0,0,1,1,0,0,0
410,-0.10463740114712752,0,0,-0.4894421904510968,1,0,0,1,0,0,1,0,0,0,1,0,0,1,0,1,0,0
411,-0.10463740114712752,0,0,-0.5103319284071769,1,0,0,1,0,0,1,0,0,0,1,0,1,0,0,1,0,0
412,0.27961181545932834,1,0,1.163700193253568,2,1,0,0,0,1,0,0,0,1,0,0,1,0,0,0,1,1
413,-0.10463740114712752,0,0,-0.6484216535389205,1,0,1,0,0,0,1,0,0,0,1,0,0,1,0,1,0,0
414,1.1249600919935314,0,0,-0.4888542575852486,1,0,0,1,0,0,1,0,0,0,1,0,0,1,0,1,0,1
415,-0.10463740114712752,0,0,-0.4863374216869257,1,0,0,1,0,0,0,1,0,1,0,0,0,1,0,1,0,0
416,0.35646165878061953,1,1,0.005955680025033696,3,0,1,0,0,0,0,1,0,1,0,0,0,1,0,0,1,1
417,-0.8731358343600393,0,2,-0.3866707201133388,3,0,1,0,0,1,0,0,0,1,0,0,0,1,0,0,1,1
418,0.04906228549545483,0,0,-0.3866707201133388,1,0,1,0,0,0,1,0,0,0,1,0,0,1,0,1,0,0
419,-1.4879345809303688,0,2,-0.1621689579829361,3,0,0,1,0,1,0,0,0,1,0,0,0,1,0,0,1,0
420,-0.10463740114712752,0,0,-0.4894421904510968,1,0,0,1,0,0,1,0,0,0,1,1,0,0,0,1,0,0
421,-0.6425863043961658,0,0,-0.49271407711891657,1,0,0,1,0,0,1,0,0,0,1,0,1,0,0,1,0,0
422,-0.027787557825836348,0,0,-0.4898609919445778,1,0,0,1,0,0,1,0,0,0,1,0,0,1,0,1,0,0
423,-0.10463740114712752,1,1,-0.35848215805212236,3,0,0,1,0,0,0,1,0,1,0,0,0,1,0,0,1,0
424,-0.8731358343600393,1,1,-0.2414492887801075,3,0,0,1,0,0,1,0,0,0,1,0,0,1,0,0,1,0
425,-0.10463740114712752,0,0,-0.5024451714361923,1,0,0,1,0,0,1,0,0,0,1,0,0,1,0,1,0,0
426,-0.10463740114712752,1,0,-0.12491978668775715,2,0,1,0,0,0,0,1,0,1,0,0,0,1,0,0,1,1
427,-0.7962859910387481,0,0,-0.12491978668775715,1,0,1,0,0,1,0,0,0,1,0,0,0,1,0,1,0,1
428,-0.10463740114712752,0,0,-0.49237782784290063,1,0,0,1,0,0,1,0,0,0,1,0,1,0,0,1,0,0
429,0.20276197213803718,0,0,-0.4863374216869257,1,0,0,1,0,0,1,0,0,0,1,0,0,1,0,1,0,1
430,-0.10463740114712752,0,0,-0.11384570873513637,1,1,0,0,0,0,1,0,0,0,1,0,0,1,0,1,0,1
431,-0.10463740114712752,1,0,-0.32425318983493084,2,0,0,1,0,0,0,1,0,1,0,0,0,1,0,0,1,1
432,0.9712604053509489,1,0,-0.12491978668775715,2,0,1,0,0,0,0,1,0,1,0,0,0,1,0,0,1,1
433,-0.9499856776813305,0,0,-0.5049620073345151,1,0,0,1,0,0,1,0,0,0,1,0,0,1,0,1,0,0
434,1.5860591519212783,1,0,0.4771073601910807,2,1,0,0,0,0,1,0,0,0,1,0,0,1,0,0,1,0
435,-1.180535207645204,1,2,1.7677408088510642,4,1,0,0,0,1,0,0,0,1,0,0,0,1,0,0,1,1
436,-0.6425863043961658,2,2,0.04370821849987721,5,0,0,1,0,1,0,0,0,1,0,0,0,1,1,0,0,0
437,-0.41203677443229225,2,3,-0.2708962687904854,6,0,1,0,0,0,0,1,0,1,0,0,0,1,1,0,0,1
438,2.661956958419355,1,4,4.647001076532463,6,1,0,0,0,0,1,0,0,0,1,0,0,1,1,0,0,0
439,0.12591212881674602,0,0,-0.43700743807979686,1,0,1,0,0,0,1,0,0,0,1,0,0,1,0,1,0,0
440,1.2018099353148226,1,1,-0.11988611489111134,3,0,1,0,0,0,0,1,0,1,0,0,0,1,0,0,1,1
441,-0.719436147717457,0,0,-0.45714212526638004,1,0,0,1,0,0,1,0,0,0,1,0,0,1,0,1,0,0
442,-0.33518693111100106,1,0,-0.4918744606632361,2,0,0,1,0,0,1,0,0,0,1,0,0,1,0,0,1,0
443,-0.10463740114712752,0,0,-0.3866707201133388,1,0,1,0,0,0,0,0,1,1,0,0,0,1,0,1,0,1
444,-0.10463740114712752,0,0,-0.48507900373776425,1,0,0,1,0,0,1,0,0,0,1,0,0,1,0,1,0,1
445,-1.949033640858116,0,2,0.9997696105865636,3,1,0,0,1,0,0,0,0,0,1,0,0,1,0,0,1,1
446,-1.2573850509664952,0,1,-0.255795253400548,2,0,1,0,0,1,0,0,0,1,0,0,0,1,0,0,1,1
447,0.35646165878061953,0,0,-0.11384570873513637,1,1,0,0,0,0,1,0,0,0,1,0,0,1,0,1,0,1
448,-1.8721837975368247,2,1,-0.26066180729354516,4,0,0,1,0,1,0,0,0,1,0,1,0,0,0,0,1,1
449,1.7397588385638607,0,0,-0.034313694348132716,1,1,0,0,0,0,0,0,1,0,1,0,0,1,0,1,0,1
450,0.5101613454232019,1,2,-0.08968408411123653,4,0,1,0,0,0,1,0,0,0,1,0,0,1,0,0,1,0
451,-0.10463740114712752,1,0,-0.2463983948905696,2,0,0,1,0,0,1,0,0,0,1,0,0,1,0,0,1,0
452,0.04906228549545483,0,0,-0.08968408411123653,1,1,0,0,0,0,1,0,0,0,1,1,0,0,0,1,0,0
453,1.5092093085999871,1,0,1.145663540471827,2,1,0,0,0,0,1,0,0,0,1,1,0,0,0,0,1,1
454,-0.10463740114712752,0,0,-0.4863374216869257,1,0,0,1,0,0,1,0,0,0,1,0,0,1,0,1,0,0
455,-0.027787557825836348,0,0,-0.4894421904510968,1,0,0,1,0,0,1,0,0,0,1,1,0,0,0,1,0,1
456,2.738806801740646,0,0,-0.11384570873513637,1,1,0,0,0,0,1,0,0,0,1,0,0,1,0,1,0,0
457,-0.10463740114712752,1,0,0.395813560675251,2,1,0,0,0,0,0,1,0,1,0,0,0,1,0,0,1,1
458,1.5860591519212783,0,0,-0.43700743807979686,1,0,1,0,0,1,0,0,0,1,0,0,0,1,0,1,0,1
459,-0.10463740114712752,0,0,-0.49237782784290063,1,0,0,1,0,0,1,0,0,0,1,0,1,0,0,1,0,0
460,1.432359465278696,0,0,-0.11384570873513637,1,1,0,0,0,0,1,0,0,0,1,0,0,1,0,1,0,1
461,0.35646165878061953,0,0,-0.4863374216869257,1,0,0,1,0,0,1,0,0,0,1,0,0,1,0,1,0,0
462,1.3555096219574048,0,0,0.12676380314453292,1,1,0,0,0,0,1,0,0,0,1,0,0,1,0,1,0,0
463,1.432359465278696,0,0,-0.3866707201133388,1,0,1,0,0,0,1,0,0,0,1,0,0,1,0,1,0,0
464,-0.10463740114712752,0,0,-0.4863374216869257,1,0,0,1,0,0,1,0,0,0,1,0,0,1,0,1,0,0
465,0.6638610320657843,0,0,-0.5064721088735089,1,0,0,1,0,0,1,0,0,0,1,0,0,1,0,1,0,0
466,-0.10463740114712752,0,0,-0.6484216535389205,1,0,1,0,0,0,1,0,0,0,1,0,0,1,0,1,0,0
467,2.0471582118490255,0,0,-0.11384570873513637,1,1,0,0,0,0,1,0,0,0,1,0,0,1,0,1,0,0
468,-0.10463740114712752,0,0,-0.4928811950225652,1,0,0,1,0,0,1,0,0,0,1,0,1,0,0,1,0,0
469,-2.1987956316523123,2,1,-0.26066180729354516,4,0,0,1,0,1,0,0,0,1,0,1,0,0,0,0,1,1
470,-0.10463740114712752,0,0,-0.5024451714361923,1,0,0,1,0,0,1,0,0,0,1,0,0,1,0,1,0,0
471,0.6638610320657843,0,0,-0.47400492578514347,1,0,0,1,0,0,1,0,0,0,1,0,0,1,0,1,0,0
472,0.27961181545932834,1,2,-0.08968408411123653,4,0,1,0,0,0,0,1,0,1,0,0,0,1,0,0,1,1
473,-0.48888661775358344,0,0,-0.3707300882677209,1,0,1,0,0,0,0,1,0,1,0,1,0,0,0,1,0,1
474,-0.5657364610748746,0,0,-0.45034666834090825,1,0,0,1,0,1,0,0,0,1,0,0,0,1,0,1,0,0
475,-0.10463740114712752,0,0,0.39858208016340624,1,1,0,0,0,0,1,0,0,0,1,0,0,1,0,1,0,0
476,0.35646165878061953,1,0,-0.22559322262067316,2,0,1,0,0,0,1,0,0,0,1,0,0,1,0,0,1,0
477,-0.027787557825836348,1,0,-0.5065566745596926,2,0,0,1,0,0,1,0,0,0,1,0,0,1,0,0,1,0
478,-0.5657364610748746,0,0,-0.4969926981460655,1,0,0,1,0,0,1,0,0,0,1,0,0,1,0,1,0,0
479,-2.1027333275006983,0,1,-0.4010166847337793,2,0,0,1,0,1,0,0,0,1,0,0,0,1,0,0,1,1
480,-1.56478442425166,5,2,0.2958951755118318,8,0,0,1,1,0,0,0,0,0,1,0,0,1,1,0,0,0
481,-0.10463740114712752,0,0,-0.6484216535389205,1,0,1,0,0,0,1,0,0,0,1,0,0,1,0,1,0,0
482,1.5860591519212783,0,0,-0.4863374216869257,1,0,0,1,0,0,1,0,0,0,1,0,0,1,0,1,0,0
483,2.585107115098064,0,0,-0.455380340137554,1,0,0,1,0,0,0,1,0,1,0,0,0,1,0,1,0,1
484,-0.33518693111100106,1,0,1.1854295476653287,2,1,0,0,0,0,1,0,0,0,1,1,0,0,0,0,1,1
485,-0.10463740114712752,3,1,-0.13565761536436197,5,0,0,1,0,1,0,0,0,1,0,0,0,1,1,0,0,0
486,0.4333115021019107,1,0,1.163700193253568,2,1,0,0,0,0,0,1,0,1,0,0,0,1,0,0,1,1
487,2.200857898491608,0,0,-0.05042144409739929,1,1,0,0,0,0,1,0,0,0,1,1,0,0,0,1,0,0
488,0.04906228549545483,0,0,-0.4863374216869257,1,0,0,1,0,0,1,0,0,0,1,0,0,1,0,1,0,0
489,-1.56478442425166,1,1,-0.32828012727224753,3,0,0,1,1,0,0,0,0,0,1,0,0,1,0,0,1,1
490,-0.10463740114712752,1,0,-0.2463983948905696,2,0,0,1,0,0,1,0,0,0,1,0,0,1,0,0,1,0
491,-0.6425863043961658,0,0,-0.5024451714361923,1,0,0,1,0,0,1,0,0,0,1,0,0,1,0,1,0,0
492,1.9703083685277343,0,0,-0.034313694348132716,1,1,0,0,0,0,1,0,0,0,1,0,0,1,0,1,0,0
493,3.1999058616683933,0,0,0.3483299278831318,1,1,0,0,0,0,1,0,0,0,1,1,0,0,0,1,0,0
494,-0.6425863043961658,0,0,-0.4863374216869257,1,0,0,1,0,0,1,0,0,0,1,0,0,1,0,1,0,0
495,-0.10463740114712752,0,0,-0.3573083057891445,1,0,0,1,0,0,1,0,0,0,1,1,0,0,0,1,0,0
496,1.893458525206443,1,0,0.9274538680872313,2,1,0,0,0,1,0,0,0,1,0,1,0,0,0,0,1,1
497,-0.10463740114712752,0,0,-0.3443878770215141,1,0,0,1,0,0,1,0,0,0,1,0,0,1,0,1,0,0
498,-0.33518693111100106,1,2,2.4029901895877646,4,1,0,0,0,0,0,1,0,1,0,0,0,1,0,0,1,0
499,-0.41203677443229225,0,0,-0.49145565916975514,1,0,0,1,0,0,1,0,0,0,1,0,0,1,0,1,0,0
500,-0.9499856776813305,0,0,-0.47400492578514347,1,0,0,1,0,0,1,0,0,0,1,0,0,1,0,1,0,0
501,-0.6425863043961658,0,0,-0.49237782784290063,1,0,0,1,0,1,0,0,0,1,0,0,1,0,0,1,0,0
502,-0.10463740114712752,0,0,-0.4948100980550399,1,0,0,1,0,1,0,0,0,1,0,0,1,0,0,1,0,0
503,0.5870111887444931,0,0,-0.455380340137554,1,0,0,1,0,1,0,0,0,1,0,0,0,1,0,1,0,0
504,-1.0268355210026217,0,0,1.093228788100527,1,1,0,0,0,1,0,0,0,1,0,0,0,1,0,1,0,1
505,-0.8731358343600393,1,0,1.5442457810799908,2,1,0,0,0,0,1,0,0,0,1,1,0,0,0,0,1,0
506,0.27961181545932834,0,2,-0.12491978668775715,3,0,1,0,0,0,0,1,0,1,0,0,0,1,0,0,1,1
507,-0.10463740114712752,0,0,-0.11384570873513637,1,1,0,0,0,0,1,0,0,0,1,0,0,1,0,1,0,1
508,-0.10463740114712752,0,0,-0.1948878246611338,1,0,0,1,0,0,1,0,0,0,1,0,0,1,0,1,0,0
509,-0.2583370877897099,0,0,0.48910360681684706,1,0,0,1,0,0,1,0,0,0,1,0,0,1,0,1,0,1
510,-0.027787557825836348,0,0,-0.49237782784290063,1,0,0,1,0,0,1,0,0,0,1,0,1,0,0,1,0,1
511,-0.10463740114712752,0,0,-0.4863374216869257,1,0,0,1,0,0,1,0,0,0,1,0,0,1,0,1,0,0
512,0.5101613454232019,0,0,-0.11913106412161445,1,1,0,0,0,0,1,0,0,0,1,0,0,1,0,1,0,1
513,1.893458525206443,1,0,0.5475787653441219,2,1,0,0,0,0,0,1,0,1,0,1,0,0,0,0,1,1
514,-0.41203677443229225,0,0,-0.4974960653257301,1,0,0,1,0,0,1,0,0,0,1,0,0,1,0,1,0,0
515,1.3555096219574048,0,0,0.036576512298389464,1,1,0,0,0,0,1,0,0,0,1,0,0,1,0,1,0,0
516,0.35646165878061953,0,0,-0.43700743807979686,1,0,1,0,0,0,0,1,0,1,0,0,0,1,0,1,0,1
517,-0.10463740114712752,0,0,-0.1621689579829361,1,0,0,1,0,0,1,0,0,0,1,0,1,0,0,1,0,0
518,0.5101613454232019,1,0,-0.12491978668775715,2,0,1,0,0,0,0,1,0,1,0,0,0,1,0,0,1,1
519,0.20276197213803718,0,0,-0.4894421904510968,1,0,0,1,0,0,1,0,0,0,1,0,0,1,0,1,0,0
520,0.04906228549545483,0,0,1.2341715984066093,1,1,0,0,0,1,0,0,0,1,0,0,0,1,0,1,0,1
521,-0.5657364610748746,0,0,-0.4894421904510968,1,0,0,1,0,0,1,0,0,0,1,0,0,1,0,1,0,0
522,-0.10463740114712752,0,0,-0.5029485386158568,1,0,0,1,0,0,1,0,0,0,1,1,0,0,0,1,0,0
523,1.1249600919935314,0,1,0.5189714017894245,2,1,0,0,0,0,0,1,0,1,0,1,0,0,0,0,1,1
524,-0.10463740114712752,0,0,-0.5028639729296732,1,0,0,1,0,0,1,0,0,0,1,1,0,0,0,1,0,0
525,0.8559856403690123,0,0,-0.49237782784290063,1,0,0,1,0,0,1,0,0,0,1,0,1,0,0,1,0,0
526,1.5860591519212783,0,0,-0.43700743807979686,1,0,1,0,0,1,0,0,0,1,0,0,0,1,0,1,0,1
527,-0.10463740114712752,0,0,3.817033162951754,1,1,0,0,0,0,1,0,0,0,1,0,0,1,0,1,0,0
528,0.7407108753870755,0,0,-0.4888542575852486,1,0,0,1,0,0,1,0,0,0,1,0,0,1,0,1,0,0
529,-0.48888661775358344,2,1,-0.41687275089321363,4,0,1,0,0,0,1,0,0,0,1,0,0,1,0,0,1,0
530,-2.1027333275006983,1,1,-0.12491978668775715,3,0,1,0,0,1,0,0,0,1,0,0,0,1,0,0,1,1
531,-0.10463740114712752,0,0,-0.5028639729296732,1,0,0,1,0,0,1,0,0,0,1,1,0,0,0,1,0,0
532,-0.9499856776813305,1,1,-0.5028639729296732,3,0,0,1,0,0,1,0,0,0,1,1,0,0,0,0,1,0
533,-0.10463740114712752,0,2,-0.19824427701513722,3,0,0,1,0,0,0,1,0,1,0,1,0,0,0,0,1,1
534,0.04906228549545483,0,0,-0.47400492578514347,1,0,0,1,0,1,0,0,0,1,0,0,0,1,0,1,0,0
535,-1.7184841108942424,0,2,-0.11988611489111134,3,0,1,0,0,1,0,0,0,1,0,0,0,1,0,0,1,1
536,1.2018099353148226,0,0,-0.11384570873513637,1,1,0,0,0,0,0,0,1,0,1,0,0,1,0,1,0,0
537,0.04906228549545483,0,0,1.4944124302931971,1,1,0,0,0,1,0,0,0,1,0,1,0,0,0,1,0,1
538,-0.10463740114712752,0,0,-0.35646868933346404,1,0,0,1,0,0,1,0,0,0,1,0,0,1,0,1,0,0
539,-0.5657364610748746,0,2,0.3482453621969482,3,1,0,0,0,1,0,0,0,1,0,1,0,0,0,0,1,1
540,0.5101613454232019,0,2,0.7811411367084872,3,1,0,0,0,1,0,0,0,1,0,0,0,1,0,0,1,1
541,-1.56478442425166,4,2,-0.01870931177853076,7,0,0,1,0,1,0,0,0,1,0,0,0,1,1,0,0,0
542,-1.4110847376090776,4,2,-0.01870931177853076,7,0,0,1,0,1,0,0,0,1,0,0,0,1,1,0,0,0
543,0.20276197213803718,1,0,-0.12491978668775715,2,0,1,0,0,0,1,0,0,0,1,0,0,1,0,0,1,1
544,1.5860591519212783,1,0,1.4944124302931971,2,1,0,0,0,0,1,0,0,0,1,1,0,0,0,0,1,0
545,2.661956958419355,0,0,-0.12491978668775715,1,1,0,0,0,0,1,0,0,0,1,0,0,1,0,1,0,0
546,-0.7962859910387481,1,0,-0.12491978668775715,2,0,1,0,0,0,0,1,0,1,0,0,0,1,0,0,1,1
547,-0.10463740114712752,0,0,-0.3693045524149108,1,0,1,0,0,0,1,0,0,0,1,1,0,0,0,1,0,1
548,0.27961181545932834,1,1,-0.2351571990343002,3,0,0,1,0,0,1,0,0,0,1,0,0,1,0,0,1,0
549,-1.6416342675729512,1,1,0.09152810056801232,3,0,1,0,1,0,0,0,0,0,1,0,0,1,0,0,1,1
550,-0.9499856776813305,0,2,1.5841789061771412,3,1,0,0,0,0,1,0,0,0,1,1,0,0,0,0,1,1
551,-0.1814872444684187,0,0,-0.12491978668775715,1,0,1,0,0,0,1,0,0,0,1,0,0,1,0,1,0,0
552,-0.10463740114712752,0,0,-0.49078316061772326,1,0,0,1,0,0,1,0,0,0,1,0,1,0,0,1,0,0
553,-0.5657364610748746,0,0,-0.5029485386158568,1,0,0,1,0,0,1,0,0,0,1,1,0,0,0,1,0,1
554,-0.5657364610748746,0,0,-0.4918744606632361,1,0,0,1,0,1,0,0,0,1,0,0,0,1,0,1,0,1
555,2.5082572717767726,0,0,-0.11384570873513637,1,1,0,0,0,0,1,0,0,0,1,0,0,1,0,1,0,0
556,1.432359465278696,1,0,0.1489119590497745,2,1,0,0,0,0,0,0,1,1,0,1,0,0,0,0,1,1
557,-0.10463740114712752,0,0,3.9327230485884233,1,1,0,0,0,0,1,0,0,0,1,1,0,0,0,1,0,0
558,0.7407108753870755,1,1,0.955306180872432,3,1,0,0,0,0,0,1,0,1,0,0,0,1,0,0,1,1
559,0.5101613454232019,1,0,-0.29807809649237277,2,0,0,1,0,0,0,1,0,1,0,0,0,1,0,0,1,1
560,-0.10463740114712752,0,0,-0.49237782784290063,1,0,0,1,0,0,1,0,0,0,1,0,1,0,0,1,0,0
561,0.8175607187083667,0,0,-0.4894421904510968,1,0,0,1,0,0,1,0,0,0,1,0,0,1,0,1,0,0
562,-0.10463740114712752,0,0,-0.3766033765200472,1,0,1,0,0,0,1,0,0,0,1,0,0,1,0,1,0,0
563,-0.10463740114712752,0,0,-0.4863374216869257,1,0,0,1,0,0,1,0,0,0,1,0,0,1,0,1,0,0
564,-0.10463740114712752,0,0,-0.4863374216869257,1,0,0,1,0,1,0,0,0,1,0,0,0,1,0,1,0,0
565,-0.41203677443229225,2,0,-0.1621689579829361,3,0,0,1,0,0,1,0,0,0,1,0,0,1,0,0,1,0
566,-0.7962859910387481,0,0,-0.4894421904510968,1,0,0,1,0,0,1,0,0,0,1,0,0,1,0,1,0,0
567,-0.027787557825836348,0,4,-0.22408312108167944,5,0,0,1,0,0,0,1,0,1,0,0,0,1,1,0,0,0
568,-0.10463740114712752,0,0,-0.5028639729296732,1,0,0,1,0,0,1,0,0,0,1,1,0,0,0,1,0,0
569,0.20276197213803718,0,0,-0.4902797934380587,1,0,0,1,0,0,1,0,0,0,1,0,0,1,0,1,0,1
570,2.5082572717767726,0,0,-0.43700743807979686,1,0,1,0,0,0,1,0,0,0,1,0,0,1,0,1,0,1
571,1.816608681885152,2,0,0.38809593507663365,3,1,0,0,0,0,0,1,0,1,0,0,0,1,0,0,1,1
572,0.5101613454232019,0,0,-0.11711759540295616,1,1,0,0,0,0,1,0,0,0,1,0,0,1,0,1,0,1
573,-0.10463740114712752,0,0,-0.49237782784290063,1,0,0,1,0,1,0,0,0,1,0,0,1,0,0,1,0,1
574,-1.0268355210026217,0,0,-0.4863374216869257,1,0,0,1,0,0,1,0,0,0,1,0,0,1,0,1,0,0
575,-0.7962859910387481,0,0,-0.35646868933346404,1,0,0,1,0,0,1,0,0,0,1,0,0,1,0,1,0,0
576,0.35646165878061953,0,0,-0.3866707201133388,1,0,1,0,0,1,0,0,0,1,0,0,0,1,0,1,0,1
577,0.7407108753870755,1,0,0.4771073601910807,2,1,0,0,0,0,0,1,0,1,0,0,0,1,0,0,1,1
578,-0.10463740114712752,1,0,-0.3573083057891445,2,0,0,1,0,0,0,1,0,1,0,1,0,0,0,0,1,0
579,0.20276197213803718,0,0,-0.4888542575852486,1,0,0,1,0,0,1,0,0,0,1,0,0,1,0,1,0,1
580,-0.33518693111100106,1,1,-0.04438103794142432,3,0,1,0,0,1,0,0,0,1,0,0,0,1,0,0,1,1
581,0.7407108753870755,1,1,1.5841789061771412,3,1,0,0,0,0,0,1,0,1,0,1,0,0,0,0,1,1
582,1.893458525206443,0,0,-0.12491978668775715,1,0,1,0,0,0,1,0,0,0,1,0,0,1,0,1,0,0
583,0.5101613454232019,0,0,0.15948266982273065,1,1,0,0,0,0,1,0,0,0,1,1,0,0,0,1,0,0
584,-0.10463740114712752,0,0,-0.47299819142581434,1,0,0,1,0,0,1,0,0,0,1,1,0,0,0,1,0,0
585,-0.8731358343600393,0,2,0.955306180872432,3,1,0,0,0,1,0,0,0,1,0,0,0,1,0,0,1,1
586,1.3555096219574048,0,0,-0.3464013457401724,1,0,1,0,0,0,1,0,0,0,1,0,0,1,0,1,0,0
587,2.3545575851341902,1,1,0.9462455716384695,3,1,0,0,0,0,1,0,0,0,1,1,0,0,0,0,1,1
588,-0.5657364610748746,0,0,-0.4863374216869257,1,0,0,1,0,0,1,0,0,0,1,0,0,1,0,1,0,0
589,-0.10463740114712752,0,0,-0.4863374216869257,1,0,0,1,0,0,1,0,0,0,1,0,0,1,0,1,0,0
590,0.4333115021019107,0,0,-0.5049620073345151,1,0,0,1,0,0,1,0,0,0,1,0,0,1,0,1,0,0
591,1.7397588385638607,1,0,0.9274538680872313,2,1,0,0,0,0,0,1,0,1,0,1,0,0,0,0,1,1
592,1.3555096219574048,0,0,-0.5024451714361923,1,0,0,1,0,0,1,0,0,0,1,0,0,1,0,1,0,0
593,-0.10463740114712752,0,2,-0.49237782784290063,3,0,0,1,0,1,0,0,0,1,0,0,1,0,0,0,1,0
594,0.5870111887444931,1,0,-0.12491978668775715,2,0,1,0,0,0,1,0,0,0,1,0,0,1,0,0,1,0
595,0.5101613454232019,1,1,-0.1621689579829361,3,0,0,1,0,0,1,0,0,0,1,0,0,1,0,0,1,0
596,-0.10463740114712752,0,0,0.016023023618325298,1,0,1,0,0,1,0,0,0,1,0,0,0,1,0,1,0,1
597,1.5092093085999871,0,0,-0.6484216535389205,1,0,0,1,0,0,1,0,0,0,1,0,0,1,0,1,0,0
598,-0.10463740114712752,0,0,-0.5029485386158568,1,0,0,1,0,0,1,0,0,0,1,1,0,0,0,1,0,0
599,1.5092093085999871,1,0,0.49782998024351216,2,1,0,0,0,0,0,0,1,0,1,1,0,0,0,0,1,1
600,-0.41203677443229225,2,1,-0.10478509950117394,4,0,1,0,0,0,0,1,0,1,0,0,0,1,0,0,1,1
601,-0.10463740114712752,0,0,-0.4894421904510968,1,0,0,1,0,0,1,0,0,0,1,0,0,1,0,1,0,0
602,-0.10463740114712752,0,0,0.2052890831722074,1,1,0,0,0,0,1,0,0,0,1,0,0,1,0,1,0,0
603,1.1249600919935314,0,0,-0.4863374216869257,1,0,0,1,0,0,1,0,0,0,1,0,0,1,0,1,0,0
604,0.4333115021019107,0,0,-0.11384570873513637,1,1,0,0,0,0,1,0,0,0,1,1,0,0,0,1,0,1
605,0.5101613454232019,1,0,-0.3353272677875516,2,0,0,1,0,0,1,0,0,0,1,0,0,1,0,0,1,0
606,0.04906228549545483,0,0,-0.4894421904510968,1,0,0,1,0,0,1,0,0,0,1,0,0,1,0,1,0,0
607,-0.1814872444684187,0,0,-0.034313694348132716,1,1,0,0,0,0,1,0,0,0,1,0,0,1,0,1,0,1
608,-0.5657364610748746,1,2,0.18876253192945994,4,0,1,0,0,0,0,1,0,1,0,1,0,0,0,0,1,1
609,0.8175607187083667,0,0,2.441497778832105,1,1,0,0,0,1,0,0,0,1,0,0,0,1,0,1,0,1
610,0.7407108753870755,1,5,-0.01870931177853076,7,0,0,1,0,0,0,1,0,1,0,0,0,1,1,0,0,0
611,-0.10463740114712752,0,0,-0.5064721088735089,1,0,0,1,0,0,1,0,0,0,1,0,0,1,0,1,0,0
612,-0.10463740114712752,1,0,-0.3363340021468808,2,0,0,1,0,1,0,0,0,1,0,0,1,0,0,0,1,1
613,-0.10463740114712752,0,0,-0.49237782784290063,1,0,0,1,0,0,1,0,0,0,1,0,1,0,0,1,0,0
614,0.4333115021019107,0,0,-0.4863374216869257,1,0,0,1,0,0,1,0,0,0,1,0,0,1,0,1,0,0
615,-0.41203677443229225,1,2,0.6603330135889879,4,0,1,0,0,1,0,0,0,1,0,0,0,1,0,0,1,1
616,0.35646165878061953,1,1,-0.35848215805212236,3,0,0,1,0,0,1,0,0,0,1,0,0,1,0,0,1,0
617,-0.2583370877897099,1,0,-0.32425318983493084,2,0,0,1,0,0,0,1,0,1,0,0,0,1,0,0,1,0
618,-1.949033640858116,2,1,0.13683114673782454,4,0,1,0,0,1,0,0,0,1,0,0,0,1,0,0,1,1
619,-0.2583370877897099,0,0,-0.43700743807979686,1,0,1,0,0,0,1,0,0,0,1,0,0,1,0,1,0,0
620,-0.1814872444684187,1,0,-0.3573908580066095,2,0,0,1,0,0,1,0,0,0,1,1,0,0,0,0,1,0
621,0.9712604053509489,1,0,0.40974072380221066,2,1,0,0,0,0,1,0,0,0,1,0,0,1,0,0,1,1
622,-0.719436147717457,1,1,-0.33146744825388363,3,0,0,1,0,0,1,0,0,0,1,1,0,0,0,0,1,1
623,-0.6425863043961658,0,0,-0.4902797934380587,1,0,0,1,0,0,1,0,0,0,1,0,0,1,0,1,0,0
624,-0.6425863043961658,0,0,-0.32425318983493084,1,0,0,1,0,0,1,0,0,0,1,0,0,1,0,1,0,0
625,2.4314074284554814,0,0,0.002347544081197954,1,1,0,0,0,0,1,0,0,0,1,0,0,1,0,1,0,0
626,2.1240080551703167,0,0,-0.3997582667846179,1,0,1,0,0,0,0,0,1,0,1,0,1,0,0,1,0,0
627,-0.6425863043961658,0,0,0.921244330558889,1,1,0,0,0,1,0,0,0,1,0,0,0,1,0,1,0,1
628,-0.2583370877897099,0,0,-0.4894421904510968,1,0,0,1,0,0,1,0,0,0,1,0,0,1,0,1,0,0
629,-0.10463740114712752,0,0,-0.49271407711891657,1,0,0,1,0,0,1,0,0,0,1,0,1,0,0,1,0,0
630,3.8915544515600136,0,0,-0.04438103794142432,1,1,0,0,0,0,1,0,0,0,1,0,0,1,0,1,0,1
631,1.6629089952425695,0,0,-0.5063875431873253,1,0,0,1,0,0,1,0,0,0,1,0,0,1,0,1,0,0
632,0.20276197213803718,0,0,-0.034313694348132716,1,1,0,0,0,0,0,0,1,0,1,1,0,0,0,1,0,1
633,-0.10463740114712752,0,0,-0.6484216535389205,1,1,0,0,0,0,1,0,0,0,1,0,0,1,0,1,0,0
634,-1.56478442425166,3,2,-0.08666388103324908,6,0,0,1,0,1,0,0,0,1,0,0,0,1,1,0,0,0
635,-0.10463740114712752,0,0,-0.3866707201133388,1,0,1,0,0,1,0,0,0,1,0,0,0,1,0,1,0,1
636,0.20276197213803718,0,0,-0.4888542575852486,1,0,0,1,0,0,1,0,0,0,1,0,0,1,0,1,0,0
637,0.12591212881674602,1,1,-0.11988611489111134,3,0,1,0,0,0,1,0,0,0,1,0,0,1,0,0,1,0
638,0.8944105620296577,0,5,0.1506737441786005,6,0,0,1,0,0,0,1,0,1,0,0,0,1,1,0,0,0
639,-0.10463740114712752,1,0,-0.32425318983493084,2,0,0,1,0,0,1,0,0,0,1,0,0,1,0,0,1,0
640,-0.719436147717457,0,0,-0.4902797934380587,1,0,0,1,0,0,1,0,0,0,1,0,0,1,0,1,0,0
641,-0.41203677443229225,0,0,0.7469121684912956,1,1,0,0,0,0,0,0,1,1,0,1,0,0,0,1,0,1
642,-2.1027333275006983,3,2,-0.08666388103324908,6,0,0,1,0,1,0,0,0,1,0,0,0,1,1,0,0,0
643,-0.10463740114712752,0,0,0.48910360681684706,1,0,0,1,0,0,1,0,0,0,1,0,0,1,0,1,0,1
644,-2.1987956316523123,2,1,-0.26066180729354516,4,0,0,1,0,1,0,0,0,1,0,1,0,0,0,0,1,1
645,1.432359465278696,1,0,0.8964967865378598,2,1,0,0,0,0,1,0,0,0,1,1,0,0,0,0,1,1
646,-0.7962859910387481,0,0,-0.4894421904510968,1,0,0,1,0,0,1,0,0,0,1,0,0,1,0,1,0,0
647,2.0471582118490255,0,0,0.06635974158478332,1,1,0,0,0,0,0,0,1,0,1,1,0,0,0,1,0,1
648,-0.10463740114712752,0,0,-0.49640476528021726,1,0,0,1,0,0,1,0,0,0,1,0,0,1,0,1,0,0
649,-0.48888661775358344,0,0,-0.49640476528021726,1,0,0,1,0,1,0,0,0,1,0,0,0,1,0,1,0,1
650,-0.10463740114712752,0,0,-0.4894421904510968,1,0,0,1,0,0,1,0,0,0,1,0,0,1,0,1,0,0
651,-0.8731358343600393,0,1,-0.18532384824750675,2,0,1,0,0,1,0,0,0,1,0,0,0,1,0,0,1,1
652,-0.6425863043961658,0,0,-0.47861979608830835,1,0,0,1,0,0,1,0,0,0,1,0,0,1,0,1,0,0
653,-0.10463740114712752,0,0,-0.49078316061772326,1,0,0,1,0,1,0,0,0,1,0,0,1,0,0,1,0,1
654,-0.8731358343600393,0,0,-0.5125125150294839,1,0,0,1,0,1,0,0,0,1,0,0,1,0,0,1,0,0
655,-0.41203677443229225,2,0,0.8314778546749452,3,0,1,0,0,0,1,0,0,0,1,0,0,1,0,0,1,0
656,-0.10463740114712752,0,0,-0.4894421904510968,1,0,0,1,0,0,1,0,0,0,1,0,0,1,0,1,0,0
657,0.20276197213803718,1,1,-0.3363340021468808,3,0,0,1,0,0,0,1,0,1,0,0,1,0,0,0,1,0
658,-0.48888661775358344,0,0,-0.3866707201133388,1,0,1,0,0,0,1,0,0,0,1,0,0,1,0,1,0,0
659,2.200857898491608,0,2,1.6323350375212924,3,1,0,0,0,0,1,0,0,0,1,1,0,0,0,0,1,0
660,1.5860591519212783,2,0,2.042579288947925,3,1,0,0,0,0,0,0,1,0,1,0,0,1,0,0,1,1
661,0.8175607187083667,0,0,-0.5029485386158568,1,0,0,1,0,0,1,0,0,0,1,1,0,0,0,1,0,0
662,1.3555096219574048,0,0,-0.13322534515222276,1,1,0,0,0,0,1,0,0,0,1,0,0,1,0,1,0,0
663,0.5101613454232019,0,0,-0.4974960653257301,1,0,0,1,0,0,1,0,0,0,1,0,0,1,0,1,0,0
664,-0.719436147717457,1,0,-0.4888542575852486,2,0,0,1,0,0,1,0,0,0,1,0,0,1,0,0,1,1
665,0.20276197213803718,2,0,0.8314778546749452,3,0,1,0,0,0,1,0,0,0,1,0,0,1,0,0,1,0
666,-0.33518693111100106,0,0,-0.3866707201133388,1,0,1,0,0,0,1,0,0,0,1,0,0,1,0,1,0,0
667,-0.10463740114712752,0,0,-0.4918744606632361,1,0,0,1,0,0,1,0,0,0,1,0,0,1,0,1,0,0
668,1.0481102486722402,0,0,-0.4863374216869257,1,0,0,1,0,0,1,0,0,0,1,0,0,1,0,1,0,0
669,-0.10463740114712752,1,0,0.39858208016340624,2,1,0,0,0,0,0,1,0,1,0,0,0,1,0,0,1,1
670,0.8175607187083667,1,1,0.13683114673782454,3,0,1,0,0,0,0,1,0,1,0,0,0,1,0,0,1,1
671,0.12591212881674602,1,0,0.39858208016340624,2,1,0,0,0,0,1,0,0,0,1,0,0,1,0,0,1,0
672,3.123056018347102,0,0,-0.43700743807979686,1,0,1,0,0,0,1,0,0,0,1,0,0,1,0,1,0,0
673,0.12591212881674602,0,0,-0.3866707201133388,1,0,1,0,0,0,1,0,0,0,1,0,0,1,0,1,0,1
674,-0.10463740114712752,0,0,-0.6484216535389205,1,0,1,0,0,0,1,0,0,0,1,0,0,1,0,1,0,0
675,-0.8731358343600393,0,0,-0.4918744606632361,1,0,0,1,0,0,1,0,0,0,1,0,0,1,0,1,0,0
676,-0.37361185277164666,0,0,-0.4863374216869257,1,0,0,1,0,0,1,0,0,0,1,0,0,1,0,1,0,0
677,-0.8731358343600393,0,0,-0.45026210265472455,1,0,0,1,0,1,0,0,0,1,0,0,0,1,0,1,0,1
678,1.0481102486722402,1,6,0.2958951755118318,8,0,0,1,0,0,0,1,0,1,0,0,0,1,1,0,0,0
679,0.5101613454232019,0,1,9.667166525013505,2,1,0,0,0,0,1,0,0,0,1,1,0,0,0,0,1,1
680,-0.10463740114712752,0,0,-0.48457563655809965,1,0,0,1,0,1,0,0,0,1,0,0,1,0,0,1,0,0
681,-0.1814872444684187,0,0,0.8964967865378598,1,1,0,0,0,0,1,0,0,0,1,1,0,0,0,1,0,1
682,-0.719436147717457,0,0,-0.4626791642426904,1,0,0,1,0,0,1,0,0,0,1,0,0,1,0,1,0,0
683,-1.180535207645204,5,2,0.2958951755118318,8,0,0,1,0,0,1,0,0,0,1,0,0,1,1,0,0,0
684,2.3545575851341902,1,1,0.13683114673782454,3,0,1,0,0,0,1,0,0,0,1,0,0,1,0,0,1,0
685,-0.33518693111100106,1,2,0.18876253192945994,4,0,1,0,0,0,1,0,0,0,1,1,0,0,0,0,1,0
686,-1.180535207645204,4,1,0.1506737441786005,6,0,0,1,0,0,1,0,0,0,1,0,0,1,1,0,0,0
687,-0.7962859910387481,0,0,-0.44363577710162005,1,0,0,1,0,0,1,0,0,0,1,0,0,1,0,1,0,0
688,-0.8731358343600393,0,0,-0.49145565916975514,1,0,0,1,0,0,1,0,0,0,1,0,0,1,0,1,0,0
689,-1.1036853643239128,0,1,3.6067927997556075,2,1,0,0,0,1,0,0,0,1,0,0,0,1,0,0,1,1
690,0.12591212881674602,1,0,0.49925551609632224,2,1,0,0,0,0,1,0,0,0,1,0,0,1,0,0,1,1
691,-1.949033640858116,0,1,-0.37828059596268965,2,0,0,1,0,1,0,0,0,1,0,1,0,0,0,0,1,1
692,-0.10463740114712752,0,0,0.48910360681684706,1,0,0,1,0,0,1,0,0,0,1,0,0,1,0,1,0,1
693,-0.33518693111100106,0,0,-0.5029485386158568,1,0,0,1,0,0,1,0,0,0,1,1,0,0,0,1,0,0
694,2.3545575851341902,0,0,-0.11384570873513637,1,1,0,0,0,0,0,0,1,0,1,0,0,1,0,1,0,0
695,1.7397588385638607,0,0,-0.3766033765200472,1,0,1,0,0,0,1,0,0,0,1,0,0,1,0,1,0,0
696,1.1249600919935314,0,0,-0.4863374216869257,1,0,0,1,0,0,1,0,0,0,1,0,0,1,0,1,0,0
697,-0.10463740114712752,0,0,-0.49271407711891657,1,0,0,1,0,1,0,0,0,1,0,0,1,0,0,1,0,1
698,1.5092093085999871,1,1,1.5841789061771412,3,1,0,0,0,0,1,0,0,0,1,1,0,0,0,0,1,0
699,0.9712604053509489,0,0,-0.494391296561559,1,0,0,1,0,0,1,0,0,0,1,0,0,1,0,1,0,0
700,-0.8731358343600393,1,0,3.9327230485884233,2,1,0,0,0,0,0,1,0,1,0,1,0,0,0,0,1,1
701,0.4333115021019107,0,0,-0.11913106412161445,1,1,0,0,0,0,1,0,0,0,1,0,0,1,0,1,0,1
702,-0.8731358343600393,0,1,-0.3573908580066095,2,0,0,1,0,1,0,0,0,1,0,1,0,0,0,0,1,0
703,-0.33518693111100106,0,0,-0.4925449457465493,1,0,0,1,0,0,1,0,0,0,1,0,1,0,0,1,0,0
704,-0.2583370877897099,1,0,-0.4902797934380587,2,0,0,1,0,0,1,0,0,0,1,0,0,1,0,0,1,0
705,0.7407108753870755,0,0,-0.12491978668775715,1,0,1,0,0,0,1,0,0,0,1,0,0,1,0,1,0,0
706,1.2018099353148226,0,0,-0.3766033765200472,1,0,1,0,0,0,0,1,0,1,0,0,0,1,0,1,0,1
707,0.9712604053509489,0,0,-0.11913106412161445,1,1,0,0,0,0,1,0,0,0,1,0,0,1,0,1,0,1
708,-0.5657364610748746,0,0,2.4029901895877646,1,1,0,0,0,1,0,0,0,1,0,0,0,1,0,1,0,1
709,-0.10463740114712752,1,1,-0.3414522396297103,3,0,0,1,1,0,0,0,0,0,1,1,0,0,0,0,1,1
710,-0.41203677443229225,0,0,0.3483299278831318,1,1,0,0,0,0,0,0,1,1,0,1,0,0,0,1,0,1
711,-0.10463740114712752,0,0,-0.11384570873513637,1,1,0,0,0,0,1,0,0,0,1,0,0,1,0,1,0,0
712,1.432359465278696,1,0,0.39858208016340624,2,1,0,0,0,0,1,0,0,0,1,0,0,1,0,0,1,1
713,-0.027787557825836348,0,0,-0.457478374542396,1,0,0,1,0,0,1,0,0,0,1,0,0,1,0,1,0,0
714,1.7397588385638607,0,0,-0.3866707201133388,1,0,1,0,0,0,1,0,0,0,1,0,0,1,0,1,0,0
715,-0.7962859910387481,0,0,-0.494391296561559,1,0,0,1,0,0,1,0,0,0,1,0,0,1,0,1,0,0
716,0.6638610320657843,0,0,3.9327230485884233,1,1,0,0,0,1,0,0,0,1,0,1,0,0,0,1,0,1
717,-0.1814872444684187,0,0,-0.43700743807979686,1,0,1,0,0,1,0,0,0,1,0,0,0,1,0,1,0,1
718,-0.10463740114712752,0,0,-0.3363340021468808,1,0,0,1,0,0,1,0,0,0,1,0,1,0,0,1,0,0
719,0.27961181545932834,0,0,-0.4918744606632361,1,0,0,1,0,0,1,0,0,0,1,0,0,1,0,1,0,0
720,-1.7953339542155335,0,1,0.016023023618325298,2,0,1,0,0,1,0,0,0,1,0,0,0,1,0,0,1,1
721,-0.9499856776813305,1,0,-0.5063875431873253,2,0,0,1,0,0,1,0,0,0,1,0,0,1,0,0,1,0
722,0.35646165878061953,0,0,-0.3866707201133388,1,0,1,0,0,0,1,0,0,0,1,0,0,1,0,1,0,0
723,1.5860591519212783,0,0,-0.3866707201133388,1,0,1,0,0,0,1,0,0,0,1,0,0,1,0,1,0,0
724,-0.1814872444684187,1,0,0.4207302360686478,2,1,0,0,0,0,1,0,0,0,1,0,0,1,0,0,1,1
725,-0.719436147717457,0,0,-0.47400492578514347,1,0,0,1,0,0,1,0,0,0,1,0,0,1,0,1,0,0
726,0.04906228549545483,3,0,-0.22559322262067316,4,0,1,0,0,0,0,1,0,1,0,0,0,1,0,0,1,1
727,-0.10463740114712752,0,0,-0.4926295114327329,1,0,0,1,0,1,0,0,0,1,0,0,1,0,0,1,0,1
728,-0.33518693111100106,1,0,-0.12491978668775715,2,0,1,0,0,0,1,0,0,0,1,0,0,1,0,0,1,0
729,-0.33518693111100106,1,0,-0.4888542575852486,2,0,0,1,0,1,0,0,0,1,0,0,0,1,0,0,1,0
730,-0.027787557825836348,0,0,3.6067927997556075,1,1,0,0,0,1,0,0,0,1,0,0,0,1,0,1,0,1
731,-1.4110847376090776,0,0,-0.2701412180209885,1,0,0,1,0,0,1,0,0,0,1,1,0,0,0,1,0,0
732,-0.10463740114712752,0,0,-0.6484216535389205,1,0,1,0,0,0,1,0,0,0,1,0,0,1,0,1,0,0
733,-0.48888661775358344,0,0,-0.3866707201133388,1,0,1,0,0,0,1,0,0,0,1,0,0,1,0,1,0,0
734,-0.48888661775358344,0,0,-0.3866707201133388,1,0,1,0,0,0,1,0,0,0,1,0,0,1,0,1,0,0
735,-0.06621247948648194,0,0,-0.32425318983493084,1,0,0,1,0,0,1,0,0,0,1,0,0,1,0,1,0,0
736,1.432359465278696,1,3,0.04370821849987721,5,0,0,1,0,0,0,1,0,1,0,0,0,1,1,0,0,0
737,0.4333115021019107,0,0,9.667166525013505,1,1,0,0,0,0,1,0,0,0,1,1,0,0,0,1,0,1
738,-0.10463740114712752,0,0,-0.4894421904510968,1,0,0,1,0,0,1,0,0,0,1,0,0,1,0,1,0,0
739,-0.10463740114712752,0,0,-0.4894421904510968,1,0,0,1,0,0,1,0,0,0,1,0,0,1,0,1,0,0
740,-0.10463740114712752,0,0,-0.04438103794142432,1,1,0,0,0,0,1,0,0,0,1,0,0,1,0,1,0,1
741,0.5101613454232019,1,0,0.9391984311231651,2,1,0,0,0,0,1,0,0,0,1,0,0,1,0,0,1,0
742,-0.6425863043961658,2,2,4.634416897040849,5,1,0,0,0,1,0,0,0,1,0,1,0,0,1,0,0,1
743,-0.41203677443229225,1,0,-0.32425318983493084,2,0,0,1,0,0,1,0,0,0,1,0,0,1,0,0,1,0
744,0.12591212881674602,0,0,-0.4888542575852486,1,0,0,1,0,0,1,0,0,0,1,0,0,1,0,1,0,1
745,3.123056018347102,1,1,0.7811411367084872,3,1,0,0,0,0,0,0,1,0,1,0,0,1,0,0,1,0
746,-1.0268355210026217,1,1,-0.24069423801061057,3,0,0,1,0,0,1,0,0,0,1,0,0,1,0,0,1,0
747,0.04906228549545483,0,0,-0.3866707201133388,1,0,1,0,0,1,0,0,0,1,0,0,0,1,0,1,0,1
748,-0.7962859910387481,1,0,0.4207302360686478,2,1,0,0,0,0,1,0,0,0,1,0,0,1,0,0,1,0
749,0.12591212881674602,0,0,-0.49237782784290063,1,0,0,1,0,0,1,0,0,0,1,0,1,0,0,1,0,0
750,-1.949033640858116,1,1,-0.18532384824750675,3,0,1,0,0,1,0,0,0,1,0,0,0,1,0,0,1,1
751,-1.7953339542155335,0,1,-0.397241430886295,2,0,0,1,1,0,0,0,0,0,1,0,0,1,0,0,1,1
752,0.27961181545932834,0,0,-0.45714212526638004,1,0,0,1,0,0,1,0,0,0,1,0,0,1,0,1,0,0
753,-0.48888661775358344,0,0,-0.4894421904510968,1,0,0,1,0,0,1,0,0,0,1,0,0,1,0,1,0,0
754,1.432359465278696,1,2,0.6603330135889879,4,0,1,0,0,0,0,1,0,1,0,0,0,1,0,0,1,1
755,-2.204943619118015,1,1,-0.35646868933346404,3,0,1,0,1,0,0,0,0,0,1,0,0,1,0,0,1,1
756,-0.10463740114712752,0,0,-0.49145565916975514,1,0,0,1,0,0,1,0,0,0,1,0,0,1,0,1,0,0
757,-0.8731358343600393,0,0,-0.41687275089321363,1,0,1,0,0,0,1,0,0,0,1,0,0,1,0,1,0,0
758,0.35646165878061953,0,0,-0.4863374216869257,1,0,0,1,0,0,1,0,0,0,1,0,0,1,0,1,0,0
759,0.27961181545932834,0,0,1.093228788100527,1,1,0,0,0,0,0,0,1,1,0,0,0,1,0,1,0,1
760,-0.10463740114712752,0,0,-0.35646868933346404,1,0,0,1,0,0,1,0,0,0,1,0,0,1,0,1,0,0
761,0.8944105620296577,0,0,-0.5049620073345151,1,0,0,1,0,0,1,0,0,0,1,0,0,1,0,1,0,0
762,-0.719436147717457,0,0,-0.5028639729296732,1,0,0,1,0,0,1,0,0,0,1,1,0,0,0,1,0,1
763,0.5101613454232019,1,2,1.7677408088510642,4,1,0,0,0,0,0,1,0,1,0,0,0,1,0,0,1,1
764,-1.0268355210026217,0,0,-0.4918744606632361,1,0,0,1,0,0,1,0,0,0,1,0,0,1,0,1,0,0
765,1.6629089952425695,1,0,0.921244330558889,2,1,0,0,0,0,0,1,0,1,0,0,0,1,0,0,1,1
766,-0.10463740114712752,0,0,0.1489119590497745,1,1,0,0,0,0,0,0,1,0,1,1,0,0,0,1,0,0
767,0.08748720715610042,0,0,-0.49237782784290063,1,0,0,1,0,1,0,0,0,1,0,0,1,0,0,1,0,0
768,-0.10463740114712752,1,0,-0.1621689579829361,2,0,0,1,0,0,1,0,0,0,1,0,1,0,0,0,1,0
769,0.20276197213803718,0,0,-0.4800453319411184,1,0,0,1,0,0,1,0,0,0,1,0,0,1,0,1,0,0
770,-0.41203677443229225,0,0,-0.45714212526638004,1,0,0,1,0,0,1,0,0,0,1,0,0,1,0,1,0,0
771,1.432359465278696,0,0,-0.4902797934380587,1,0,0,1,0,0,1,0,0,0,1,0,0,1,0,1,0,0
772,2.1240080551703167,0,0,-0.43700743807979686,1,0,1,0,0,0,0,1,0,1,0,0,0,1,0,1,0,0
773,-0.10463740114712752,0,0,-0.5029485386158568,1,0,0,1,0,0,1,0,0,0,1,1,0,0,0,1,0,0
774,1.893458525206443,1,3,-0.18532384824750675,5,0,1,0,0,0,0,1,0,1,0,0,0,1,1,0,0,1
775,-0.8731358343600393,0,0,-0.49237782784290063,1,0,0,1,0,0,1,0,0,0,1,0,0,1,0,1,0,0
776,-0.10463740114712752,0,0,-0.49237782784290063,1,0,0,1,0,0,1,0,0,0,1,0,1,0,0,1,0,0
777,-1.8721837975368247,0,0,-0.397241430886295,1,0,0,1,0,1,0,0,0,1,0,0,0,1,0,1,0,1
778,-0.10463740114712752,0,0,-0.4926295114327329,1,0,0,1,0,0,1,0,0,0,1,0,1,0,0,1,0,0
779,1.0481102486722402,0,1,3.6067927997556075,2,1,0,0,0,0,0,1,0,1,0,0,0,1,0,0,1,1
780,-1.2573850509664952,0,0,-0.5028639729296732,1,0,0,1,0,1,0,0,0,1,0,1,0,0,0,1,0,1
781,-0.9499856776813305,1,0,0.49925551609632224,2,1,0,0,0,0,0,1,0,1,0,0,0,1,0,0,1,1
782,-0.027787557825836348,0,0,-0.04438103794142432,1,1,0,0,0,0,1,0,0,0,1,0,0,1,0,1,0,0
783,-0.10463740114712752,1,2,-0.17626323901354432,4,0,0,1,0,0,1,0,0,0,1,0,0,1,0,0,1,0
784,-0.33518693111100106,0,0,-0.5064721088735089,1,0,0,1,0,0,1,0,0,0,1,0,0,1,0,1,0,0
785,-0.33518693111100106,0,0,-0.5024451714361923,1,0,0,1,0,0,1,0,0,0,1,0,0,1,0,1,0,0
786,-0.8731358343600393,0,0,-0.4974960653257301,1,0,0,1,0,1,0,0,0,1,0,0,0,1,0,1,0,1
787,-1.6416342675729512,4,1,-0.06199888922968463,6,0,0,1,1,0,0,0,0,0,1,0,1,0,1,0,0,0
788,-2.1795831708219895,1,2,-0.23415046467497105,4,0,0,1,1,0,0,0,0,0,1,0,0,1,0,0,1,1
789,1.2786597786361138,0,0,0.9462455716384695,1,1,0,0,0,0,1,0,0,0,1,1,0,0,0,1,0,0
790,-0.10463740114712752,0,0,-0.49237782784290063,1,0,0,1,0,0,1,0,0,0,1,0,1,0,0,1,0,0
791,-1.0268355210026217,0,0,-0.12491978668775715,1,0,1,0,0,0,1,0,0,0,1,0,0,1,0,1,0,0
792,-0.10463740114712752,8,2,0.7519458402879414,11,0,0,1,0,1,0,0,0,1,0,0,0,1,1,0,0,0
793,-0.10463740114712752,0,0,-0.030371322596999754,1,1,0,0,0,0,1,0,0,0,1,1,0,0,0,1,0,0
794,-0.33518693111100106,0,0,-0.4894421904510968,1,0,0,1,0,0,1,0,0,0,1,0,0,1,0,1,0,0
795,0.7407108753870755,0,0,-0.3866707201133388,1,0,1,0,0,0,1,0,0,0,1,0,0,1,0,1,0,0
796,1.5092093085999871,0,0,-0.1263453225405672,1,1,0,0,0,0,0,0,1,1,0,0,0,1,0,1,0,1
797,0.12591212881674602,0,0,-0.4735861242916626,1,0,0,1,0,0,0,1,0,1,0,0,0,1,0,1,0,1
798,0.04906228549545483,0,0,-0.5028639729296732,1,0,0,1,0,0,1,0,0,0,1,1,0,0,0,1,0,0
799,0.04906228549545483,1,1,-0.1621689579829361,3,0,0,1,0,0,0,1,0,1,0,0,0,1,0,0,1,0
800,0.35646165878061953,0,0,-0.3866707201133388,1,0,1,0,0,0,1,0,0,0,1,0,0,1,0,1,0,0
801,0.12591212881674602,1,1,-0.11988611489111134,3,0,1,0,0,0,0,1,0,1,0,0,0,1,0,0,1,1
802,-1.4110847376090776,1,2,1.7677408088510642,4,1,0,0,1,0,0,0,0,0,1,0,0,1,0,0,1,1
803,-2.224156079948338,0,1,-0.47694056317694733,2,0,0,1,1,0,0,0,0,0,1,1,0,0,0,0,1,1
804,-0.1814872444684187,0,0,-0.5079822104125026,1,0,0,1,0,0,1,0,0,0,1,0,0,1,0,1,0,1
805,0.12591212881674602,0,0,-0.4918744606632361,1,0,0,1,0,0,1,0,0,0,1,0,0,1,0,1,0,0
806,0.7407108753870755,0,0,-0.6484216535389205,1,1,0,0,0,0,1,0,0,0,1,0,0,1,0,1,0,0
807,-0.8731358343600393,0,0,-0.4918744606632361,1,0,0,1,0,1,0,0,0,1,0,0,0,1,0,1,0,0
808,0.7407108753870755,0,0,-0.3866707201133388,1,0,1,0,0,0,1,0,0,0,1,0,0,1,0,1,0,0
809,0.27961181545932834,1,0,0.4207302360686478,2,1,0,0,0,0,0,1,0,1,0,0,0,1,0,0,1,1
810,-0.2583370877897099,0,0,-0.4896093083547455,1,0,0,1,0,0,1,0,0,0,1,0,0,1,0,1,0,0
811,0.7407108753870755,0,0,-0.1621689579829361,1,0,0,1,0,0,1,0,0,0,1,0,0,1,0,1,0,0
812,0.4333115021019107,0,0,-0.43700743807979686,1,0,1,0,0,0,1,0,0,0,1,0,0,1,0,1,0,0
813,-1.7953339542155335,4,2,-0.01870931177853076,7,0,0,1,0,1,0,0,0,1,0,0,0,1,1,0,0,0
814,0.08748720715610042,0,0,-0.4863374216869257,1,0,0,1,0,0,1,0,0,0,1,0,0,1,0,1,0,0
815,-0.10463740114712752,0,0,-0.6484216535389205,1,1,0,0,0,0,1,0,0,0,1,0,0,1,0,1,0,0
816,-0.48888661775358344,0,0,-0.4888542575852486,1,0,0,1,0,1,0,0,0,1,0,0,0,1,0,1,0,0
817,0.12591212881674602,1,1,0.09664633805084172,3,0,1,0,0,0,1,0,0,0,1,1,0,0,0,0,1,0
818,1.0481102486722402,0,0,-0.5185529211854588,1,0,0,1,0,0,1,0,0,0,1,0,0,1,0,1,0,0
819,-1.4879345809303688,3,2,-0.08666388103324908,6,0,0,1,1,0,0,0,0,0,1,0,0,1,1,0,0,0
820,1.7397588385638607,1,1,1.2341715984066093,3,1,0,0,0,0,0,1,0,1,0,0,0,1,0,0,1,1
821,-0.1814872444684187,0,0,-0.47400492578514347,1,0,0,1,0,0,1,0,0,0,1,0,0,1,0,1,0,1
822,0.6638610320657843,0,0,-0.6484216535389205,1,1,0,0,0,0,0,0,1,0,1,0,0,1,0,1,0,0
823,-0.1814872444684187,0,1,-0.397241430886295,2,0,0,1,0,0,0,1,0,1,0,0,0,1,0,0,1,1
824,-2.1027333275006983,4,1,0.1506737441786005,6,0,0,1,1,0,0,0,0,0,1,0,0,1,1,0,0,0
825,-0.10463740114712752,0,0,-0.5084855775921673,1,0,0,1,0,0,1,0,0,0,1,0,1,0,0,1,0,0
826,-0.10463740114712752,0,0,0.48910360681684706,1,0,0,1,0,0,1,0,0,0,1,0,0,1,0,1,0,0
827,-2.1795831708219895,0,2,0.09664633805084172,3,0,1,0,1,0,0,0,0,0,1,1,0,0,0,0,1,1
828,-0.10463740114712752,0,0,-0.49237782784290063,1,0,0,1,0,0,1,0,0,0,1,0,1,0,0,1,0,1
829,2.5082572717767726,0,0,0.962353321387736,1,1,0,0,0,0,0,1,0,1,0,0,0,0,0,1,0,1
830,-1.1036853643239128,1,0,-0.3573908580066095,2,0,0,1,0,0,0,1,0,1,0,1,0,0,0,0,1,1
831,-2.192647644186609,1,1,-0.2708962687904854,3,0,1,0,1,0,0,0,0,0,1,0,0,1,0,0,1,1
832,-0.10463740114712752,0,0,-0.5028639729296732,1,0,0,1,0,0,1,0,0,0,1,1,0,0,0,1,0,0
833,-0.48888661775358344,0,0,-0.4902797934380587,1,0,0,1,0,0,1,0,0,0,1,0,0,1,0,1,0,0
834,-0.8731358343600393,0,0,-0.48130374989027985,1,0,0,1,0,0,1,0,0,0,1,0,0,1,0,1,0,0
835,0.7407108753870755,1,1,1.0259447039291216,3,1,0,0,0,1,0,0,0,1,0,1,0,0,0,0,1,1
836,-0.6425863043961658,0,0,-0.47400492578514347,1,0,0,1,0,0,1,0,0,0,1,0,0,1,0,1,0,0
837,-0.10463740114712752,0,0,-0.4863374216869257,1,0,0,1,0,0,1,0,0,0,1,0,0,1,0,1,0,0
838,0.20276197213803718,0,0,0.48910360681684706,1,0,0,1,0,0,1,0,0,0,1,0,0,1,0,1,0,1
839,-0.10463740114712752,0,0,-0.05042144409739929,1,1,0,0,0,0,1,0,0,0,1,1,0,0,0,1,0,1
840,-0.719436147717457,0,0,-0.4888542575852486,1,0,0,1,0,0,1,0,0,0,1,0,0,1,0,1,0,0
841,-1.0268355210026217,0,0,-0.43700743807979686,1,0,1,0,0,0,1,0,0,0,1,0,0,1,0,1,0,0
842,0.04906228549545483,0,0,-0.024246350754841113,1,1,0,0,0,1,0,0,0,1,0,1,0,0,0,1,0,1
843,0.3948865804412651,0,0,-0.5188046047752911,1,0,0,1,0,0,1,0,0,0,1,1,0,0,0,1,0,0
844,-0.9499856776813305,0,0,-0.47400492578514347,1,0,0,1,0,0,1,0,0,0,1,0,0,1,0,1,0,0
845,0.9712604053509489,0,0,-0.49640476528021726,1,0,0,1,0,0,1,0,0,0,1,0,0,1,0,1,0,0
846,-0.10463740114712752,8,2,0.7519458402879414,11,0,0,1,0,0,1,0,0,0,1,0,0,1,1,0,0,0
847,0.4333115021019107,0,0,-0.4894421904510968,1,0,0,1,0,0,1,0,0,0,1,1,0,0,0,1,0,0
848,-0.10463740114712752,0,1,0.016023023618325298,2,0,1,0,0,0,0,0,1,0,1,0,0,1,0,0,1,0
849,-0.10463740114712752,1,0,1.145663540471827,2,1,0,0,0,0,0,1,0,1,0,1,0,0,0,0,1,1
850,-1.949033640858116,4,2,-0.01870931177853076,7,0,0,1,1,0,0,0,0,0,1,0,0,1,1,0,0,0
851,3.430455391632267,0,0,-0.4918744606632361,1,0,0,1,0,0,1,0,0,0,1,0,0,1,0,1,0,0
852,-1.56478442425166,1,1,-0.3414522396297103,3,0,0,1,0,1,0,0,0,1,0,1,0,0,0,0,1,0
853,-1.0268355210026217,0,1,0.14488502161245778,2,1,0,0,0,1,0,0,0,1,0,0,0,1,0,0,1,1
854,1.1249600919935314,1,0,-0.12491978668775715,2,0,1,0,0,0,0,1,0,1,0,0,0,1,0,0,1,0
855,-0.8731358343600393,0,1,-0.4601623283443675,2,0,0,1,0,0,0,1,0,1,0,0,0,1,0,0,1,1
856,1.2018099353148226,1,1,2.671117778445337,3,1,0,0,0,0,0,1,0,1,0,0,0,1,0,0,1,1
857,1.6629089952425695,0,0,-0.11384570873513637,1,1,0,0,0,0,1,0,0,0,1,0,0,1,0,1,0,1
858,-0.41203677443229225,0,3,-0.26066180729354516,4,0,0,1,0,0,0,1,0,1,0,1,0,0,0,0,1,1
859,-0.10463740114712752,0,0,-0.5028639729296732,1,0,0,1,0,0,1,0,0,0,1,1,0,0,0,1,0,0
860,0.8944105620296577,2,0,-0.36435544630444866,3,0,0,1,0,0,1,0,0,0,1,0,0,1,0,0,1,0
861,-0.6425863043961658,1,0,-0.41687275089321363,2,0,1,0,0,0,1,0,0,0,1,0,0,1,0,0,1,0
862,1.432359465278696,0,0,-0.1263453225405672,1,1,0,0,0,0,0,1,0,1,0,0,0,1,0,1,0,1
863,-0.10463740114712752,8,2,0.7519458402879414,11,0,0,1,0,1,0,0,0,1,0,0,0,1,1,0,0,0
864,-0.41203677443229225,0,0,-0.3866707201133388,1,0,1,0,0,0,1,0,0,0,1,0,0,1,0,1,0,0
865,0.9712604053509489,0,0,-0.3866707201133388,1,0,1,0,0,0,0,1,0,1,0,0,0,1,0,1,0,1
866,-0.1814872444684187,1,0,-0.3693891181010945,2,0,1,0,0,1,0,0,0,1,0,1,0,0,0,0,1,1
867,0.12591212881674602,0,0,0.3682954836973478,1,1,0,0,0,0,1,0,0,0,1,0,0,1,0,1,0,0
868,-0.10463740114712752,0,0,-0.45714212526638004,1,0,0,1,0,0,1,0,0,0,1,0,0,1,0,1,0,0
869,-1.949033640858116,1,1,-0.4242561406845337,3,0,0,1,1,0,0,0,0,0,1,0,0,1,0,0,1,1
870,-0.2583370877897099,0,0,-0.4894421904510968,1,0,0,1,0,0,1,0,0,0,1,0,0,1,0,1,0,0
871,1.3555096219574048,1,1,0.40974072380221066,3,1,0,0,0,0,0,1,0,1,0,0,0,1,0,0,1,1
872,0.27961181545932834,0,0,-0.5477482176060045,1,1,0,0,0,0,1,0,0,0,1,0,0,1,0,1,0,0
873,1.3555096219574048,0,0,-0.46720946885967163,1,0,0,1,0,0,1,0,0,0,1,0,0,1,0,1,0,0
874,-0.10463740114712752,1,0,-0.16518916106092355,2,0,1,0,0,0,0,1,0,1,0,1,0,0,0,0,1,1
875,-1.1036853643239128,0,0,-0.5029485386158568,1,0,0,1,0,1,0,0,0,1,0,1,0,0,0,1,0,1
876,-0.719436147717457,0,0,-0.45017955043725955,1,0,0,1,0,0,1,0,0,0,1,0,0,1,0,1,0,0
877,-0.7962859910387481,0,0,-0.4894421904510968,1,0,0,1,0,0,1,0,0,0,1,0,0,1,0,1,0,0
878,-0.10463740114712752,0,0,-0.4894421904510968,1,0,0,1,0,0,1,0,0,0,1,0,0,1,0,1,0,0
879,2.0471582118490255,0,1,1.0259447039291216,2,1,0,0,0,0,0,1,0,1,0,1,0,0,0,0,1,1
880,-0.33518693111100106,0,1,-0.12491978668775715,2,0,1,0,0,0,0,1,0,1,0,0,0,1,0,0,1,1
881,0.27961181545932834,0,0,-0.4894421904510968,1,0,0,1,0,0,1,0,0,0,1,0,0,1,0,1,0,0
882,-0.5657364610748746,0,0,-0.4366711888037809,1,0,0,1,0,1,0,0,0,1,0,0,0,1,0,1,0,0
883,-0.10463740114712752,0,0,-0.43700743807979686,1,0,1,0,0,0,1,0,0,0,1,0,0,1,0,1,0,0
884,-0.33518693111100106,0,0,-0.5064721088735089,1,0,0,1,0,0,1,0,0,0,1,0,0,1,0,1,0,0
885,0.7407108753870755,0,5,-0.06199888922968463,6,0,0,1,0,0,0,1,0,1,0,0,1,0,1,0,0,0
886,-0.1814872444684187,0,0,-0.3866707201133388,1,0,1,0,0,0,0,0,1,0,1,0,0,1,0,1,0,0
887,-0.7962859910387481,0,0,-0.04438103794142432,1,1,0,0,0,1,0,0,0,1,0,0,0,1,0,1,0,1
888,-0.10463740114712752,1,2,-0.17626323901354432,4,0,0,1,0,1,0,0,0,1,0,0,0,1,0,0,1,0
889,-0.2583370877897099,0,0,-0.04438103794142432,1,1,0,0,0,0,1,0,0,0,1,1,0,0,0,1,0,1
890,0.20276197213803718,0,0,-0.49237782784290063,1,0,0,1,0,0,1,0,0,0,1,0,1,0,0,1,0,0
